id,latitude,longitude
GKA,-6.081689835,145.3919983
MAG,-5.207079887,145.7890015
HGU,-5.826789856,144.2960052
LAE,-6.569803,146.725977
POM,-9.443380356,147.2200012
WWK,-3.583830118,143.6690063
UAK,61.16049957,-45.42599869
GOH,64.19090271,-51.67810059
SFJ,67.0122219,-50.71160316
THU,76.53119659,-68.70320129
AEY,65.66000366,-18.0727005
EGS,65.28330231,-14.40139961
IFJ,66.05809784,-23.13529968
KEF,63.98500061,-22.60560036
RKV,64.12999725,-21.94059944
YAM,46.48500061,-84.50939941
YAY,51.39189911,-56.08309937
YBC,49.13249969,-68.20439911
YBG,48.33060074,-70.99639893
YBK,64.29889679,-96.07779694
YBL,49.95080185,-125.2710037
YBR,49.91,-99.951897
YCB,69.10810089,-105.1380005
YCD,49.05497022,-123.8698626
YCG,49.29639816,-117.6320038
YCL,47.990799,-66.330299
YCO,67.8167038,-115.1439972
YCY,70.48609924,-68.51670074
YZS,64.19329834,-83.35939789
YDF,49.21080017,-57.39139938
YDQ,55.74229813,-120.1829987
YEG,53.30970001,-113.5800018
YEK,61.09420013,-94.07080078
YEV,68.30419922,-133.4830017
YFB,63.75640106,-68.55580139
YFC,45.8689003,-66.53720093
YFO,54.67810059,-101.6819992
YFS,61.7602005,-121.2369995
YGK,44.22529984,-76.59690094
YGL,53.62530136,-77.70420074
YGP,48.77529907,-64.47859955
YGR,47.42470169,-61.77809906
YHD,49.83169937,-92.74420166
YHI,70.76280212,-117.8059998
YHK,68.63559723,-95.84970093
YHM,43.17359924,-79.93499756
YHU,45.51750183,-73.41690063
YHY,60.83969879,-115.7829971
YHZ,44.88079834,-63.50859833
YIO,72.6832962,-77.96669769
YJT,48.5442009,-58.54999924
YKA,50.70220184,-120.4440002
YKF,43.46080017,-80.37860107
YKL,54.80530167,-66.80529785
YLL,53.30920029,-110.072998
YLW,49.95610046,-119.3779984
YMM,56.65330124,-111.2220001
YMO,51.29109955,-80.60780334
YNA,50.18999863,-61.78919983
YOJ,58.62139893,-117.1650009
YOW,45.32249832,-75.66919708
YPL,51.44639969,-90.21420288
YPN,49.83639908,-64.28859711
YPR,54.28609848,-130.4450073
YPY,58.76720047,-111.1169968
YQB,46.7911,-71.393303
YQF,52.18220139,-113.8939972
YQG,42.27560043,-82.95559692
YQK,49.78829956,-94.36309814
YQL,49.63029861,-112.8000031
YQM,46.11220169,-64.6785965
YQQ,49.71080017,-124.887001
YQR,50.43190002,-104.6660004
YQT,48.37189865,-89.32389832
YQU,55.17969894,-118.8850021
YQX,48.93690109,-54.56809998
YQY,46.16139984,-60.04779816
YQZ,53.02610016,-122.5100021
YRB,74.71690369,-94.9693985
YRT,62.81140137,-92.11579895
YSB,46.625,-80.79889679
YSJ,45.31610107,-65.89029694
YSM,60.02030182,-111.961998
YSY,71.99389648,-125.2429962
YTE,64.23000336,-76.52670288
YTH,55.80110168,-97.86419678
YTS,48.56969833,-81.37670136
YTZ,43.627499,-79.396202
YUB,69.4332962,-133.026001
YUL,45.47060013,-73.74079895
YUT,66.52140045,-86.22470093
YUX,68.77610016,-81.2425
YUY,48.20610046,-78.83560181
YVM,67.54579926,-64.03140259
YVO,48.05329895,-77.78279877
YVP,58.09609985,-68.42690277
YVQ,65.28160095,-126.7979965
YVR,49.19390106,-123.1839981
YWG,49.90999985,-97.23989868
YWK,52.9219017,-66.86440277
YWL,52.18310165,-122.0540009
YXC,49.6108017,-115.7819977
YXE,52.17079926,-106.6999969
YXH,50.01890182,-110.7210007
YXJ,56.23809814,-120.7399979
YXL,50.11389923,-91.90529633
YXP,66.14499664,-65.71360016
YXS,53.88940048,-122.6790009
YXT,54.468498,-128.576009
YXU,43.035599,-81.1539
YXX,49.02529907,-122.3610001
YXY,60.70959854,-135.0670013
YYB,46.36360168,-79.42279816
YYC,51.11389923,-114.0199966
YYD,54.8246994,-127.1829987
YYE,58.83639908,-122.5970001
YYF,49.46310043,-119.6019974
YYG,46.29000092,-63.12110138
YYH,69.54669952,-93.5766983
YYJ,48.64690018,-123.4260025
YYQ,58.73920059,-94.06500244
YYR,53.31919861,-60.42580032
YYT,47.61859894,-52.75189972
YYU,49.41389847,-82.46749878
YYY,48.60860062,-68.20809937
YYZ,43.67720032,-79.63059998
YZF,62.46279907,-114.4400024
YZP,53.25429916,-131.8139954
YZR,42.99940109,-82.30889893
YZT,50.68059921,-127.3669968
YZV,50.22330093,-66.26560211
ZFM,67.40750122,-134.8609924
BJA,36.7120018,5.069920063
ALG,36.69100189,3.215409994
DJG,24.2928009,9.452440262
TMR,22.81150055,5.451079845
AAE,36.82220078,7.809169769
CZL,36.27600098,6.620389938
TEE,35.43159866,8.12071991
HRM,32.93040085,3.311539888
TID,35.34109879,1.463150024
TLM,35.01670074,-1.450000048
ORN,35.62390137,-0.621182978
MUW,35.20769882,0.147141993
AZR,27.83760071,-0.186414003
BSK,34.79330063,5.738230228
ELG,30.57130051,2.859590054
GHA,32.38410187,3.79411006
HME,31.67300034,6.140439987
INZ,27.25099945,2.512020111
TGR,33.06779861,6.088669777
OGX,31.91720009,5.412779808
IAM,28.05150032,9.642910004
COO,6.357230186,2.384350061
OUA,12.35319996,-1.512420058
BOY,11.16009998,-4.33096981
ACC,5.6051898,-0.166786
TML,9.557189941,-0.863214016
NYI,7.361830235,-2.328759909
TKD,4.89605999,-1.774760008
ABJ,5.261390209,-3.926290035
ABV,9.006790161,7.263169765
BNI,6.316979885,5.599500179
CBQ,4.976019859,8.347200394
ENU,6.474269867,7.56196022
IBA,7.362460136,3.978329897
ILR,8.440210342,4.493919849
JOS,9.639829636,8.869050026
KAD,10.6960001,7.320109844
KAN,12.04759979,8.524620056
LOS,6.577370167,3.321160078
PHC,5.015490055,6.949590206
SKO,12.91629982,5.207190037
YOL,9.25755024,12.43039989
NIM,13.48149967,2.183609962
MIR,35.7580986,10.75469971
TUN,36.85100174,10.22719955
GAF,34.42200089,8.822500229
GAE,33.87689972,10.10330009
DJE,33.875,10.7755003
SFA,34.7179985,10.69099998
TOE,33.93970108,8.110560417
LFW,6.165609837,1.254510045
ANR,51.18939972,4.460279942
BRU,50.90140152,4.48443985
CRL,50.45920181,4.453820229
LGG,50.63740158,5.443220139
OST,51.19889832,2.862220049
SXF,52.38000107,13.52250004
DRS,51.13280106,13.76720047
ERF,50.97980118,10.95810032
FRA,50.0333333,8.5705556
FMO,52.13460159,7.684830189
HAM,53.63040161,9.988229752
CGN,50.86589813,7.142739773
DUS,51.28950119,6.7667799
MUC,48.35380173,11.78610039
NUE,49.498699,11.0780556
LEJ,51.4238889,12.2363889
SCN,49.21459961,7.109509945
STR,48.68989944,9.221960068
TXL,52.55970001,13.2876997
HAJ,52.46110153,9.685079575
BRE,53.04750061,8.786669731
HHN,49.94869995,7.26388979
MHG,49.47305679,8.514166832
XFW,53.53527832,9.83555603
LBC,53.80540085,10.71920013
PAD,51.61410141,8.616319656
DTM,51.5182991,7.612239838
AGB,48.425278,10.931667
FDH,47.67129898,9.511489868
ZQW,49.20940018,7.400559902
KSF,51.417273,9.384967
GWT,54.91320038,8.340470314
URE,58.22990036,22.5095005
TLL,59.41329956,24.83279991
TAY,58.30749893,26.69039917
HEL,60.31719971,24.9633007
IVL,68.6072998,27.40530014
JOE,62.66289902,29.60750008
JYV,62.3995018,25.67830086
KEM,65.77870178,24.58209991
KAJ,64.28549957,27.69239998
KOK,63.72119904,23.14310074
KAO,65.98760223,29.23940086
KTT,67.7009964,24.84679985
KUO,63.00709915,27.79780006
LPP,61.044601,28.144743
MHQ,60.12220001,19.89819908
OUL,64.93009949,25.35460091
POR,61.46170044,21.79999924
RVN,66.56479645,25.83040047
SVL,61.94309998,28.94510078
TMP,61.41410065,23.60440063
TKU,60.51409912,22.26280022
VAA,63.05070114,21.7621994
BFS,54.65750122,-6.215829849
BHD,54.61809921,-5.872499943
LDY,55.0428009,-7.161109924
BHX,52.45389938,-1.748029947
GLO,51.89419937,-2.167220116
MAN,53.35369873,-2.274950027
NQY,50.44060135,-4.995409966
CWL,51.39670181,-3.343329906
BRS,51.382702,-2.71909
LPL,53.33359909,-2.849720001
LTN,51.87469864,-0.368333012
BOH,50.77999878,-1.842499971
SOU,50.95029831,-1.35679996
ACI,49.70610046,-2.214720011
GCI,49.43500137,-2.601969957
JER,49.207901,-2.195509911
LGW,51.14810181,-0.190277994
LCY,51.505299,0.055278
LHR,51.4706,-0.461941
SEN,51.57139969,0.695555985
BLK,53.77170181,-3.028609991
HUY,53.57440186,-0.350832999
LBA,53.86589813,-1.660570025
CEG,53.17810059,-2.977780104
IOM,54.08330154,-4.623889923
NCL,55.03749847,-1.691669941
MME,54.50920105,-1.429409981
EMA,52.83110046,-1.328060031
KOI,58.95780182,-2.904999971
LSI,59.87889862,-1.295560002
WIC,58.45890045,-3.093060017
ABZ,57.20190048,-2.197779894
INV,57.54249954,-4.047500134
GLA,55.87189865,-4.433060169
EDI,55.95000076,-3.372499943
ILY,55.68190002,-6.256669998
PIK,55.50939941,-4.586669922
BEB,57.48109818,-7.362780094
DND,56.45249939,-3.02583003
SYY,58.21559906,-6.331110001
TRE,56.49919891,-6.869170189
NWI,52.67580032,1.282780051
STN,51.88499832,0.234999999
EXT,50.7344017,-3.413889885
MPN,-51.82279968,-58.44720078
AMS,52.30860138,4.76388979
MST,50.9117012,5.770140171
EIN,51.45009995,5.374529839
GRQ,53.11970139,6.579440117
RTM,51.956902,4.43722
ORK,51.84130096,-8.491109848
DUB,53.42129898,-6.270070076
NOC,53.91030121,-8.818490028
KIR,52.18090057,-9.523779869
SNN,52.70199966,-8.924819946
WAT,52.18719864,-7.086959839
AAR,56.29999924,10.61900043
BLL,55.74029922,9.151780128
CPH,55.61790085,12.65600014
EBJ,55.52590179,8.55340004
KRP,56.29750061,9.124629974
RNN,55.06330109,14.75959969
SGD,54.96440125,9.791729927
FAE,62.06359863,-7.277219772
AAL,57.09275891,9.849243164
LUX,49.6233333,6.2044444
AES,62.5625,6.119699955
ANX,69.29250336,16.14419937
ALF,69.97609711,23.37170029
BNN,65.46109772,12.21749973
BOO,67.26920319,14.36530018
BGO,60.29339981,5.218140125
BJF,70.60050201,29.69140053
KRS,58.20420074,8.085370064
BDU,69.05580139,18.54039955
EVE,68.49130249,16.67810059
VDB,61.0155983,9.288060188
FRO,61.58359909,5.024720192
OSL,60.19390106,11.10039997
HAU,59.34529877,5.208360195
HAA,70.48670197,22.13969994
KSU,63.11180115,7.824520111
KKN,69.72579956,29.8913002
MOL,62.74470139,7.262499809
MJF,65.78399658,13.21490002
LKL,70.06880188,24.9734993
OLA,63.69889832,9.604000092
RRS,62.57839966,11.34230042
RYG,59.378817,10.785439
LYR,78.24610138,15.46560001
SKE,59.18500137,9.566940308
SRP,59.79190063,5.340849876
SSJ,65.95680237,12.46889973
TOS,69.6832962,18.91889954
TRF,59.18669891,10.25860024
TRD,63.4578018,10.9239998
SVG,58.87670135,5.63778019
GDN,54.37760162,18.46619987
KRK,50.07770157,19.78479958
KTW,50.4743,19.08
POZ,52.42100143,16.82629967
RZE,50.11000061,22.0189991
SZZ,53.58470154,14.90219975
WAW,52.16569901,20.96710014
WRO,51.10269928,16.88579941
RNB,56.26670074,15.26500034
GOT,57.66279984,12.27980042
JKG,57.75759888,14.06869984
GSE,57.77470016,11.87040043
THN,58.31809998,12.34500027
MXX,60.957901,14.51140022
NYO,58.78860092,16.91220093
KID,55.92169952,14.08549976
KLR,56.6855011,16.28759956
MMX,55.53630536,13.37619781
HAD,56.69110107,12.82019997
VXO,56.92910004,14.72799969
EVG,62.04779816,14.4229002
GEV,67.13240051,20.81459999
KRF,63.04859924,17.76889992
LYC,64.5483017,18.71619987
SDL,62.52809906,17.44389915
OER,63.40829849,18.98999977
KRN,67.8219986,20.33679962
SFT,64.62480164,21.07690048
UME,63.79180145,20.28280067
VHM,64.57910156,16.83359909
AJR,65.59030151,19.28190041
ORB,59.22370148,15.03800011
VST,59.58940125,16.63360023
LLA,65.54380035,22.12199974
ARN,59.65190125,17.91860008
BMA,59.35440063,17.94169998
BLE,60.42200089,15.51519966
LPI,58.40620041,15.68050003
NRK,58.5862999,16.25060081
VBY,57.66279984,18.34620094
RLG,53.91820145,12.27830029
BFN,-29.09269905,26.30240059
CPT,-33.96480179,18.60169983
DUR,-29.61444444,31.11972222
ELS,-33.03559875,27.82589912
GRJ,-34.00559998,22.37890053
HDS,-24.36860085,31.04870033
JNB,-26.1392,28.246
KIM,-28.80279922,24.76519966
HLA,-25.93849945,27.92609978
MGH,-30.85740089,30.34300041
PLZ,-33.98490143,25.61730003
PHW,-23.93720055,31.15539932
PZB,-29.64900017,30.39870071
PTG,-23.845269,29.458615
RCB,-28.74099922,32.09209824
UTN,-28.39909935,21.2602005
UTT,-31.54636318,28.6733551
FRW,-21.1595993,27.47450066
BBK,-17.83289909,25.16239929
MUB,-19.97260094,23.43110085
GBE,-24.55520058,25.91819954
BZV,-4.251699924,15.25300026
PNR,-4.816030025,11.88659954
MTS,-26.52899933,31.30750084
BGF,4.398479939,18.51880074
BSG,1.905470014,9.805680275
SSG,3.755270004,8.708720207
MRU,-20.43020058,57.68360138
RRG,-19.75769997,63.36100006
DLA,4.006080151,9.719479561
MVR,10.4513998,14.25739956
NGE,7.357009888,13.55920029
GOU,9.335889816,13.37010002
LVI,-17.82180023,25.8227005
LUN,-15.33080006,28.45260048
MFU,-13.25889969,31.93659973
NLA,-12.99810028,28.66489983
HAH,-11.5337,43.2719
DZA,-12.8046999,45.28110123
RUN,-20.88710022,55.51029968
ZSE,-21.32089996,55.42499924
TNR,-18.7968998,47.47880173
SMS,-17.09390068,49.81579971
TMM,-18.10950089,49.39250183
MOQ,-20.28470039,44.31760025
DIE,-12.34939957,49.29169846
WMR,-16.16390038,49.7737999
ANM,-14.99940014,50.32020187
MJN,-15.66684174,46.35123253
NOS,-13.31210041,48.31480026
WMN,-15.43669987,49.68830109
SVB,-14.27859974,50.17470169
FTU,-25.03809929,46.95610046
TLE,-23.38339996,43.72850037
SSY,-6.269899845,14.24699974
CAB,-5.596990108,12.18840027
NOV,-12.80889988,15.76049995
SVP,-12.40460014,16.94739914
LAD,-8.858369827,13.23120022
MEG,-9.525090218,16.31240082
SPP,-14.6576004,17.71980095
VHC,-9.689069748,20.43190002
SZA,-6.141089916,12.37180042
SDD,-14.92469978,13.57499981
LUO,-11.76809978,19.89769936
POG,-0.711739004,8.754380226
LBV,0.458600014,9.412280083
TMS,0.37817499,6.712150097
BEW,-19.79640007,34.9076004
INH,-23.87639999,35.40850067
VXC,-13.27400017,35.2663002
MPM,-25.92079926,32.57260132
APL,-15.10560036,39.28179932
POL,-12.99176216,40.52401352
UEL,-17.85549927,36.86909866
TET,-16.10479927,33.64020157
VNX,-22.01840019,35.31330109
SEZ,-4.674339771,55.52180099
PRI,-4.319290161,55.69139862
NDJ,12.13370037,15.0340004
BUQ,-20.01740074,28.61790085
VFA,-18.09589958,25.8390007
HRE,-17.93180084,31.09280014
BLZ,-15.67910004,34.97399902
LLW,-13.7894001,33.78099823
MSU,-29.46229935,27.55249977
FIH,-4.385749817,15.44460011
MDK,0.022600001,18.2887001
GMA,3.235369921,19.77129936
FKI,0.481638998,25.33799934
IRP,2.827610016,27.5883007
BUX,1.565719962,30.2208004
BKY,-2.308979988,28.80879974
GOM,-1.670809984,29.2385006
KND,-2.919179916,25.91539955
FBM,-11.59130001,27.53089905
FMI,-5.875559807,29.25
KGA,-5.900050163,22.46920013
MJM,-6.121240139,23.56900024
BKO,12.53349972,-7.949940205
BJL,13.3380003,-16.6522007
FUE,28.45269966,-13.86380005
VDE,27.81480026,-17.88710022
SPC,28.62649918,-17.75559998
LPA,27.93190002,-15.38659954
ACE,28.94549942,-13.60519981
TFS,28.04450035,-16.57250023
TFN,28.48270035,-16.34149933
MLN,35.27980042,-2.956259966
FNA,8.616439819,-13.19550037
MLW,6.289060116,-10.75870037
ROB,6.233789921,-10.36229992
AGA,30.32500076,-9.413069725
TTA,28.44820023,-11.16129971
FEZ,33.9272995,-4.97796011
OUD,34.78720093,-1.923990011
RBA,34.05149841,-6.751520157
CMN,33.36750031,-7.589970112
RAK,31.60689926,-8.036299706
OZZ,30.93910027,-6.909430027
AHU,35.17710114,-3.839519978
TTU,35.59429932,-5.320020199
TNG,35.72689819,-5.916890144
ZIG,12.5556,-16.281799
CSK,12.41020012,-16.74609947
DKR,14.73970032,-17.49020004
NKC,18.09819984,-15.94849968
NDB,20.93309975,-17.03000069
SID,16.74139977,-22.94939995
BVC,16.1364994,-22.88890076
MMO,15.1559,-23.21369934
SNE,16.58839989,-24.28470039
VXE,16.83320045,-25.05529976
ADD,8.977890015,38.79930115
AMH,6.039390087,37.59049988
AXU,14.14680004,38.77280045
BJR,11.60809994,37.32160187
DIR,9.624699593,41.85419846
GMB,8.128760338,34.56309891
GDQ,12.51990032,37.43399811
JIM,7.666090012,36.8166008
LLI,11.97500038,38.97999954
MQX,13.4673996,39.53350067
ASO,10.01850033,34.5862999
BJM,-3.324019909,29.31850052
HGA,9.518170357,44.08879852
BBO,10.38920021,44.94110107
ABS,22.37599945,31.61170006
CAI,30.12190056,31.40559959
HRG,27.17830086,33.79940033
LXR,25.67099953,32.70660019
ASW,23.96439934,32.81999969
EDL,0.404457986,35.23889923
KIS,-0.086139001,34.72890091
KTL,0.971988976,34.95859909
LOK,3.121969938,35.6086998
LAU,-2.252419949,40.9131012
MBA,-4.034830093,39.59420013
WIL,-1.321720004,36.81480026
WJR,1.733240008,40.09159851
GHT,25.14559937,10.14260006
AKF,24.17869949,23.31399918
BEN,32.09680176,20.26950073
TIP,32.66350174,13.1590004
LTD,30.15169907,9.715310097
KGL,-1.968629956,30.13949966
KME,-2.462239981,28.90789986
ELF,13.61489964,25.32460022
JUB,4.872010231,31.60110092
KRT,15.58950043,32.55319977
ARK,-3.367789984,36.63330078
DAR,-6.878109932,39.20259857
JRO,-3.429409981,37.07450104
MYW,-10.33909988,40.18180084
MWZ,-2.444489956,32.93270111
ZNZ,-6.222020149,39.22489929
EBB,0.042385999,32.44350052
TIA,41.41469955,19.72060013
BOJ,42.56959915,27.51519966
PDV,42.067799,24.8508
SOF,42.69669342,23.41143608
VAR,43.232101,27.8251
LCA,34.87509918,33.62490082
PFO,34.7179985,32.4856987
DBV,42.56140137,18.26819992
OSI,45.46269989,18.81019974
PUY,44.89350128,13.9222002
RJK,45.21689987,14.5703001
SPU,43.53889847,16.29800034
ZAG,45.74290085,16.06879997
ZAD,44.10829926,15.34669971
ALC,38.28219986,-0.558156013
LEI,36.84389877,-2.370100021
OVD,43.56359863,-6.034619808
BIO,43.30110168,-2.910609961
BCN,41.29710007,2.078459978
BJZ,38.8913002,-6.82133007
LCG,43.30210114,-8.377260208
GRO,41.90100098,2.760550022
GRX,37.18870163,-3.777359962
IBZ,38.8728981,1.37311995
XRY,36.74459839,-6.060110092
MJV,37.77500153,-0.812389016
MAD,40.471926,-3.56264
AGP,36.67490005,-4.499110222
MAH,39.86259842,4.218649864
PNA,42.77000046,-1.646329999
REU,41.1473999,1.167170048
SLM,40.95209885,-5.501989841
EAS,43.35649872,-1.790609956
SCQ,42.89630127,-8.415140152
VLC,39.48929977,-0.481624991
VLL,41.70610046,-4.851940155
VGO,42.23180008,-8.62677002
SDR,43.42710114,-3.820009947
ZAZ,41.66619873,-1.04155004
SVQ,37.41799927,-5.893109798
AGF,44.17470169,0.590556026
BOD,44.82830048,-0.715556026
EGC,44.82529831,0.518611014
PIS,46.58769989,0.306665987
LIG,45.8628006,1.179440022
TLS,43.629101,1.36382
PUF,43.38000107,-0.41861099
LDE,43.17869949,-0.006439
ANG,45.72919846,0.221456006
BVE,48.780001,5.980003
PGX,45.19810104,0.81555599
BIQ,43.4683333,-1.5311111
DCM,43.55630112,2.28918004
RDZ,44.40790176,2.482670069
DLE,47.042686,5.435061
LPY,45.08069992,3.7628901
ETZ,48.98210144,6.251319885
BIA,42.55270004,9.483730316
CLY,42.5244444,8.7930556
FSC,41.50059891,9.097780228
AJA,41.92359924,8.802920341
CFE,45.7867012,3.169169903
LYS,45.7255556,5.0811111
AUR,44.89139938,2.421940088
EBU,45.54059982,4.296390057
CCF,43.2159996,2.306319952
MRS,43.43927192,5.221424103
NCE,43.65840149,7.215869904
PGF,42.74039841,2.87067008
MPL,43.57619858,3.963010073
BZR,43.32350159,3.353899956
AVN,43.90729904,4.901830196
BVA,49.45439911,2.112780094
LEH,49.53390121,0.088055998
XCR,48.77610016,4.184490204
TUF,47.43220139,0.727605999
CDG,49.01279831,2.549999952
ORY,48.7233333,2.3794444
LIL,50.563332,3.086886
BES,48.44789886,-4.418540001
DNR,48.58769989,-2.079960108
DOL,49.36529922,0.154305995
LRT,47.76060104,-3.440000057
CFR,49.1733017,-0.449999988
RNS,48.06949997,-1.734789968
LAI,48.75439835,-3.471659899
UIP,47.97499847,-4.167789936
NTE,47.15319824,-1.610730052
BSL,47.59,7.5291667
DIJ,47.26890183,5.090000153
SXB,48.53829956,7.628230095
TLN,43.09730148,6.146029949
FNI,43.75740051,4.416349888
FSP,46.76290131,-56.17309952
AXD,40.85589981,25.95630074
VOL,39.21960068,22.79430008
JKH,38.34320068,26.1406002
IOA,39.69639969,20.82250023
HER,35.33969879,25.18029976
KSO,40.44630051,21.28219986
KIT,36.27429962,23.0170002
EFL,38.12009811,20.50049973
KLX,37.06829834,22.02549934
KGS,36.79330063,27.0916996
AOK,35.42139816,27.14599991
CFU,39.60189819,19.9116993
KSJ,35.42139816,26.90999985
KVA,40.91329956,24.61919975
KZI,40.28609848,21.84079933
LRS,37.18489838,26.8003006
LXS,39.917099,25.23629951
JMK,37.43510056,25.34810066
MJT,39.05670166,26.59830093
PVK,38.92549896,20.76530075
RHO,36.40539932,28.08620071
GPA,38.1511,21.4256
CHQ,35.53170013,24.14970016
JSI,39.17710114,23.50370026
SMI,37.68999863,26.9116993
JTR,36.39920044,25.47929955
JSH,35.21609879,26.10129929
SKU,38.96760178,24.48719978
SKG,40.5196991,22.97089958
ZTH,37.75090027,20.88430023
BUD,47.43690109,19.25559998
DEB,47.48889923,21.61529922
BRI,41.138901,16.760599
PSR,42.431702,14.1811
BDS,40.6576,17.947001
SUF,38.905399,16.2423
CTA,37.466801,15.0664
LMP,35.497898,12.6181
PNL,36.816502,11.9689
PMO,38.175999,13.091
REG,38.071201,15.6516
TPS,37.9114,12.488
AHO,40.632099,8.29077
CAG,39.251499,9.05428
OLB,40.898701,9.51763
MXP,45.6306,8.72811
BGY,45.673901,9.70417
TRN,45.200802,7.64963
GOA,44.4133,8.8375
LIN,45.445099,9.27674
PMF,44.824501,10.2964
CUF,44.547001,7.62322
BZO,46.460201,11.3264
BLQ,44.5354,11.2887
TSF,45.648399,12.1944
TRS,45.827499,13.4722
RMI,44.020302,12.6117
VRN,45.395699,10.8885
VCE,45.505299,12.3519
CIA,41.7994,12.5949
FCO,41.8002778,12.2388889
EBA,42.7603,10.2394
NAP,40.886002,14.2908
PSA,43.683899,10.3927
FLR,43.810001,11.2051
PEG,43.095901,12.5132
LJU,46.223701,14.4576
KLV,50.20299911,12.91499996
OSR,49.69630051,18.11109924
PED,50.01340103,15.73859978
PRG,50.1008,14.26
BRQ,49.15129852,16.69440079
TLV,32.01139832,34.88669968
ETH,29.56130028,34.96009827
HFA,32.80939865,35.04309845
VDA,29.94029999,34.93579865
SDV,32.11470032,34.78219986
MLA,35.857498,14.4775
GRZ,46.99110031,15.43959999
INN,47.260201,11.344
LNZ,48.2332,14.1875
SZG,47.79330063,13.00430012
VIE,48.11029816,16.56970024
SMA,36.97140121,-25.17060089
FLW,39.45529938,-31.13139915
FAO,37.01440048,-7.965909958
GRW,39.09220123,-28.02980042
HOR,38.51990128,-28.71590042
TER,38.76179886,-27.09079933
PDL,37.74119949,-25.69790077
PIX,38.5542984,-28.44129944
OPO,41.24810028,-8.681389809
PXO,33.07339859,-16.35000038
LIS,38.78129959,-9.135919571
SJZ,38.66550064,-28.17580032
OMO,43.28290176,17.84589958
SJJ,43.82460022,18.3314991
ARW,46.17660141,21.26199913
BAY,47.65840149,23.46999931
CND,44.36220169,28.48830032
CLJ,46.78519821,23.68619919
CRA,44.31809998,23.8885994
IAS,47.17850113,27.62059975
OMR,47.02529907,21.90250015
OTP,44.5711111,26.085
SBZ,45.78559875,24.09129906
SUJ,47.70330048,22.88570023
TGM,46.46770096,24.41250038
TSR,45.80989838,21.33790016
GVA,46.23809814,6.108950138
LUG,46.00429916,8.910579681
BRN,46.91410065,7.497149944
ZRH,47.46469879,8.54916954
ACH,47.48500061,9.560770035
ESB,40.12810135,32.99509811
ADA,36.98220062,35.28039932
AYT,36.898701,30.800501
GZT,36.94720078,37.47869873
KYA,37.979,32.561901
MLX,38.353699,38.253899
MZH,40.829399,35.521999
VAS,39.813801,36.9035
ASR,38.770401,35.49539948
DNZ,37.78559875,29.70129967
IST,40.97689819,28.81459999
ADB,38.29240036,27.15699959
DLM,36.71310043,28.79249954
EZS,38.60689926,39.29140091
DIY,37.89390183,40.20100021
ERC,39.71020126,39.52700043
ERZ,39.95650101,41.17020035
TZX,40.99509811,39.78969955
VAN,38.46820068,43.33229828
BAL,37.92900085,41.11660004
KIV,46.92770004,28.93099976
SKP,41.961601,21.621401
GIB,36.15119934,-5.34965992
BEG,44.81840134,20.3090992
TGD,42.3594017,19.25189972
PRN,42.5728,21.035801
TIV,42.40470123,18.72330093
BTS,48.17020035,17.21269989
KSC,48.6631012,21.24110031
PLS,21.77359962,-72.26589966
XSC,21.51569939,-71.52850342
LRM,18.45070076,-68.91179657
PUJ,18.56739998,-68.36340332
POP,19.75790024,-70.56999969
SDQ,18.42970085,-69.66889954
STI,19.40609932,-70.60469818
GUA,14.58329964,-90.52749634
LCE,15.7425,-86.852997
SAP,15.45259953,-87.92359924
GJA,16.4454,-85.906601
RTB,16.316799,-86.523003
TGU,14.06089973,-87.21720123
KIN,17.93569946,-76.78749847
MBJ,18.50370026,-77.91339874
ACA,16.75709915,-99.7539978
AGU,21.705601,-102.318001
HUX,15.77530003,-96.26260376
CME,18.65369987,-91.7990036
CUL,24.76449966,-107.4749985
CTM,18.50469971,-88.32679749
CEN,27.39259911,-109.8330002
CPE,19.81679916,-90.50029755
CJS,31.63610077,-106.4290009
CUU,28.70289993,-105.9649963
CVM,23.70330048,-98.95649719
CZM,20.5223999,-86.92559814
DGO,24.12420082,-104.5279999
TPQ,21.41950035,-104.8430023
GDL,20.52179909,-103.310997
HMO,29.09589958,-111.0479965
CLQ,19.27700043,-103.5770035
SLW,25.54949951,-100.9290009
LZC,18.00169945,-102.2210007
LMM,25.68519974,-109.0810013
BJX,20.99349976,-101.4810028
LAP,24.0727005,-110.3619995
LTO,25.98920059,-111.3479996
MAM,25.76989937,-97.52529907
MID,20.93700027,-89.65769959
MXL,32.63059998,-115.2419968
MLM,19.84989929,-101.0250015
MTT,18.10339928,-94.58070374
MEX,19.4363,-99.072098
MTY,25.7784996,-100.1070023
MZT,23.16139984,-106.2659988
NLD,27.44389915,-99.57050323
OAX,16.99990082,-96.72660065
PAZ,20.60269928,-97.46080017
PBC,19.15810013,-98.37139893
PDS,28.62739944,-100.5350037
UPN,19.39669991,-102.0390015
PVR,20.68009949,-105.2539978
PXM,15.87689972,-97.0891037
QRO,20.61730003,-100.185997
REX,26.00889969,-98.22850037
SJD,23.15180016,-109.7210007
SLP,22.25429916,-100.9309998
TRC,25.56830025,-103.4110031
TGZ,16.56360054,-93.02249908
TIJ,32.54109955,-116.9700012
TAM,22.29640007,-97.86589813
TLC,19.33709908,-99.56600189
TAP,14.79430008,-92.37000275
CUN,21.03650093,-86.87709808
VSA,17.99699974,-92.81739807
VER,19.14590073,-96.18730164
ZCL,22.89710045,-102.6869965
ZIH,17.60160065,-101.4609985
ZLO,19.14480019,-104.5589981
MGA,12.14150047,-86.16819763
BOC,9.340849876,-82.25080109
CHX,9.458640099,-82.51679993
DAV,8.390999794,-82.43499756
PAC,8.973340034,-79.55560303
PTY,9.071359634,-79.38349915
GLF,8.654009819,-83.18219757
LIR,10.59329987,-85.54440308
NOB,9.976490021,-85.65299988
SJO,9.993860245,-84.20880127
PMZ,8.951029778,-83.46859741
XQP,9.443160057,-84.12979889
SAL,13.4409,-89.055702
CAP,19.7329998,-72.19470215
PAP,18.57999992,-72.29250336
CCC,22.46100044,-78.32839966
CYO,21.61650085,-81.54599762
CMW,21.42029953,-77.84750366
SCU,19.96980095,-75.83540344
GAO,20.08530045,-75.15830231
HAV,22.98920059,-82.40910339
HOG,20.78560066,-76.31510162
SNU,22.49220085,-79.94360352
VRA,23.03440094,-81.43530273
CYB,19.68700027,-79.88279724
GCM,19.2928009,-81.35769653
MHH,26.51140022,-77.08350372
AXP,22.44179916,-73.97090149
TCB,26.74530029,-77.39129639
BIM,25.69989967,-79.26470184
GGT,23.56259918,-75.87799835
ELH,25.47489929,-76.6835022
GHB,25.28470039,-76.33100128
RSD,24.89507873,-76.17688179
FPO,26.55870056,-78.69560242
IGA,20.97500038,-73.66690063
LGI,23.17900085,-75.09359741
SML,23.5823168,-75.26862144
MYG,22.37949944,-73.0134964
NAS,25.03899956,-77.46620178
ZSA,24.06329918,-74.52400208
BZE,17.53910065,-88.30819702
AIT,-18.83090019,-159.7640076
RAR,-21.20269966,-159.8059998
NAN,-17.7553997,177.4429932
SUV,-18.04330063,178.5590057
TBU,-21.24119949,-175.1499939
TRW,1.381639957,173.1470032
WLS,-13.23830032,-176.1990051
APW,-13.82999992,-172.0079956
PPG,-14.33100033,-170.7100067
RUR,-22.4340992,-151.3609924
TUB,-23.36540031,-149.5240021
TIH,-15.1196003,-148.2310028
FAV,-16.05410004,-145.6569977
XMH,-14.4368,-146.0700073
GMR,-23.07990074,-134.8899994
KKR,-15.66329956,-146.8849945
MKP,-16.58390045,-143.6580048
TKP,-14.70950031,-145.2460022
AXR,-15.2482996,-146.6170044
MVT,-14.86810017,-148.7169952
TKX,-14.45580006,-145.0249939
NHV,-8.795599937,-140.2290039
BOB,-16.44440079,-151.7510071
RGI,-14.95429993,-147.6609955
HUH,-16.68720055,-151.0220032
MOZ,-17.48999977,-149.7619934
HOI,-18.07480049,-140.9459991
MAU,-16.42650032,-152.2440033
RFP,-16.7229,-151.466003
VLI,-17.69930077,168.3200073
KNQ,-21.05430031,164.8370056
KOC,-20.54630089,164.2559967
LIF,-20.77479935,167.2400055
GEA,-22.25830078,166.4730072
MEE,-21.4817009,168.0379944
TOU,-20.79000092,165.2590027
UVE,-20.6406002,166.572998
NOU,-22.01460075,166.2129974
AKL,-37.0080986,174.7920074
TUO,-38.73970032,176.0839996
CHC,-43.48939896,172.5319977
DUD,-45.92810059,170.197998
GIS,-38.66329956,177.9779968
HKK,-42.71360016,170.9850006
HLZ,-37.86669922,175.3320007
KKE,-35.26279831,173.9120026
KAT,-35.06999969,173.2850037
NPL,-39.00859833,174.1790009
NSN,-41.2983017,173.220993
IVC,-46.41239929,168.3130035
PMR,-40.3205986,175.6170044
PPQ,-40.90470123,174.9889984
ZQN,-45.02109909,168.7389984
ROT,-38.10919952,176.3170013
TRG,-37.6719017,176.1959991
TIU,-44.30279922,171.2250061
BHE,-41.5182991,173.8699951
WHK,-37.92060089,176.9140015
WLG,-41.32720184,174.8049927
WRE,-35.7682991,174.3650055
WSZ,-41.73809814,171.5809937
WAG,-39.96220016,175.0249939
HEA,34.20999908,62.22829819
KBL,34.5658989,69.21230316
KDH,31.50580025,65.84780121
MZR,36.70690155,67.20970154
BAH,26.27079964,50.63359833
AHB,18.24040031,42.65660095
HOF,25.2852993,49.48519897
ABT,20.29610062,41.63430023
BHH,19.9843998,42.6208992
DMM,26.47120094,49.79790115
GIZ,16.90110016,42.58580017
ELQ,26.30279922,43.7743988
URY,31.412413,37.278898
HAS,27.437901,41.686298
JED,21.6796,39.156502
MED,24.55340004,39.70510101
EAM,17.6114006,44.4192009
AQI,28.335199,46.125099
RAH,29.62639999,43.49060059
RUH,24.95759964,46.69879913
RAE,30.90660095,41.13819885
SHW,17.46689987,47.12139893
TUU,28.3654,36.6189
TIF,21.483001,40.543442
TUI,31.692188,38.731544
EJH,26.19860077,36.47639847
YNB,24.144199,38.0634
ABD,30.37109947,48.22829819
MRX,30.55620003,49.15190125
AWZ,31.33740044,48.76200104
BUZ,28.94479942,50.83459854
KIH,26.52619934,53.98020172
BDH,26.53199959,54.82479858
KSH,34.34590149,47.15810013
SDG,35.2458992,47.00920105
IFN,32.75080109,51.86130142
RAS,37.323333,49.617778
THR,35.68920135,51.31340027
BND,27.21829987,56.37779999
KER,30.27440071,56.9510994
XBJ,32.89810181,59.26610184
RZR,36.90990067,50.67959976
SYZ,29.53919983,52.58980179
TBZ,38.13389969,46.23500061
AZD,31.9048996,54.2765007
ACZ,31.09830093,61.54389954
ZBR,25.44330025,60.38209915
ZAH,29.47570038,60.90620041
AMM,31.72260094,35.99319839
AQJ,29.61160088,35.01810074
KWI,29.22660065,47.96889877
BEY,33.82089996,35.48839951
AUH,24.43300056,54.65110016
AZI,24.42830086,54.45809937
DXB,25.25279999,55.36439896
FJR,25.11219978,56.32400131
SHJ,25.32859993,55.51720047
KHS,26.17099953,56.24060059
MCT,23.59329987,58.28440094
SLL,17.0387001,54.09130096
LYP,31.36499977,72.99479675
GWD,25.23329926,62.32949829
GIL,35.91880035,74.33360291
KHI,24.9065,67.160797
LHE,31.52160072,74.4036026
MJD,27.33519936,68.14309692
MUX,30.20319939,71.4190979
PJG,26.9545002,64.13249969
PEW,33.9939003,71.51460266
UET,30.25139999,66.93779755
RYK,28.38389969,70.27960205
ISB,33.61669922,73.09919739
SKZ,27.72200012,68.79170227
PZH,31.35840034,69.46360016
BSR,30.54910088,47.66210175
ROP,14.17430019,145.2429962
SPN,15.11900043,145.7290039
GUM,13.48340034,144.7960052
MAJ,7.064760208,171.2720032
KWA,8.72012043,167.7319946
CXI,1.98616004,-157.3500061
TKK,7.461870193,151.8430023
PNI,6.985099792,158.2089996
ROR,7.367650032,134.5440063
KSA,5.35698,162.957993
YAP,9.49891,138.082993
KNH,24.42790031,118.3590012
TTT,22.75499916,121.1019974
KHH,22.57710075,120.3499985
RMQ,24.26469994,120.6210022
TNN,22.9503994,120.2060013
MZG,23.56870079,119.6279984
TSA,25.06940079,121.552002
TPE,25.0777,121.233002
HUN,24.0230999,121.6179962
NRT,35.76470184,140.3860016
MMJ,36.16680145,137.9230042
IBR,36.18109894,140.4149933
SHM,33.66220093,135.3639984
OBO,42.73329926,143.2169952
CTS,42.77519989,141.6920013
HKD,41.77000046,140.8220062
MMB,43.88059998,144.1640015
SHB,43.57749939,144.9600067
WKJ,45.40420151,141.8009949
IKI,33.74900055,129.7850037
UBJ,33.93000031,131.279007
TSJ,34.28490067,129.3309937
MBE,44.30390167,143.404007
AKJ,43.67079926,142.4470062
FUJ,32.66630173,128.8329926
FUK,33.58589935,130.451004
KOJ,31.80340004,130.7189941
KMI,31.87719917,131.4490051
OIT,33.47940063,131.7369995
KKJ,33.84590149,131.0350037
KMJ,32.83729935,130.8549957
NGS,32.91690063,129.9140015
ASJ,28.43059921,129.7129974
KMQ,36.39459991,136.4069977
TOY,36.64830017,137.1880035
HIJ,34.43610001,132.9190063
OKJ,34.75690079,133.8549957
IZO,35.41360092,132.8899994
YGJ,35.49219894,133.2359924
KCZ,33.54610062,133.6690063
MYJ,33.82720184,132.6999969
ITM,34.78549957,135.4380035
TTJ,35.53010178,134.1670074
TKS,34.13280106,134.6069946
TAK,34.21419907,134.0160065
AOJ,40.73469925,140.6909943
GAJ,38.41189957,140.3710022
HNA,39.42860031,141.1349945
AXT,39.61560059,140.2189941
MSJ,40.70320129,141.3679962
SDJ,38.13970184,140.9170074
HAC,33.11500168,139.7859955
OIM,34.7820015,139.3600006
HND,35.552299,139.779999
KWJ,35.12639999,126.8089981
RSU,34.84230042,127.6169968
CJU,33.51129913,126.4929962
PUS,35.17950058,128.9380035
USN,35.59349823,129.352005
GMP,37.55830002,126.7910004
KPO,35.98789978,129.4199982
TAE,35.89410019,128.6589966
OKA,26.19580078,127.6460037
ISG,24.34449959,124.1869965
UEO,26.3635006,126.7139969
MMY,24.78280067,125.2949982
MNL,14.5086,121.019997
CBO,7.165239811,124.2099991
CGY,8.41562,124.611
PAG,7.830731448,123.4611797
GES,6.058000088,125.0960007
ZAM,6.922420025,122.0599976
SJI,12.36149979,121.0469971
TAC,11.2276001,125.0279999
BCD,10.7764,123.014999
DGT,9.333709717,123.3000031
MPH,11.9245,121.954002
ILO,10.833017,122.493358
KLO,11.67940044,122.3759995
PPS,9.742119789,118.7590027
PRA,-31.7948,-60.4804
ROS,-32.9036,-60.785
SFN,-31.7117,-60.8117
AEP,-34.5592,-58.4156
COR,-31.32360077,-64.20800018
MDZ,-32.83169937,-68.79290009
AFA,-34.588299,-68.4039
CTC,-28.59560013,-65.75170136
SDE,-27.76555634,-64.30999756
IRJ,-29.38159943,-66.79579926
TUC,-26.8409,-65.104897
UAQ,-31.571501,-68.418198
LUQ,-33.27320099,-66.35639954
RES,-27.45,-59.0561
FMA,-26.2127,-58.2281
IGR,-25.73730087,-54.47340012
PSS,-27.3858,-55.9707
SLA,-24.8560009,-65.48619843
JUJ,-24.39279938,-65.09780121
CRD,-45.7853,-67.4655
EQS,-42.90800095,-71.13950348
REL,-43.2105,-65.2703
VDM,-40.8692,-63.0004
PMY,-42.7592,-65.1027
RGA,-53.7777,-67.7494
RGL,-51.6089,-69.3126
USH,-54.8433,-68.2958
BHI,-38.725,-62.1693
MDQ,-37.9342,-57.5733
NQN,-38.94900131,-68.15570068
RSA,-36.588299,-64.275703
BRC,-41.15119934,-71.15750122
CPC,-40.07540131,-71.13729858
CDJ,-8.348349571,-49.30149841
AQA,-21.81200027,-48.13299942
AJU,-10.98400021,-37.07030106
AFL,-9.866389275,-56.10499954
ARU,-21.1413002,-50.42470169
BEL,-1.37925005,-48.47629929
PLU,-19.8512001,-43.95059967
BSB,-15.86916733,-47.92083359
BVB,2.841388941,-60.6922226
CAC,-25.00029945,-53.50080109
CNF,-19.62444305,-43.9719429
CGR,-20.46870041,-54.67250061
XAP,-27.13419914,-52.65660095
CCM,-28.72444344,-49.42139053
CAW,-21.69829941,-41.30170059
CMG,-19.01194382,-57.67139053
CWB,-25.5284996,-49.17580032
CXJ,-29.19709969,-51.1875
CGB,-15.65289974,-56.11669922
CZS,-7.599909782,-72.76950073
PPB,-22.17510033,-51.42459869
MAO,-3.038609982,-60.04970169
IGU,-25.60027885,-54.48500061
FLN,-27.67027855,-48.55250168
FEN,-3.854929924,-32.4233017
FOR,-3.776279926,-38.5326004
GIG,-22.80999947,-43.25055695
GYN,-16.63199997,-49.22069931
GRU,-23.43555641,-46.47305679
ATM,-3.253910065,-52.25400162
ITB,-4.242340088,-56.0007019
IOS,-14.81599998,-39.03319931
IPN,-19.47069931,-42.48759842
IMP,-5.531290054,-47.45999908
JPA,-7.145833015,-34.94861221
JOI,-26.22450066,-48.79740143
CPV,-7.269919872,-35.89640045
VCP,-23.00740051,-47.1344986
LDB,-23.33359909,-51.13010025
LAZ,-13.26210022,-43.40810013
MAB,-5.368589878,-49.13800049
MGF,-23.4794445,-52.01222229
MOC,-16.70689964,-43.81890106
MCZ,-9.510809898,-35.79169846
MCP,0.050664,-51.07220078
NVT,-26.87999916,-48.65140152
GEL,-28.28170013,-54.16910172
NAT,-5.768056,-35.376111
POA,-29.99440002,-51.17139816
PFB,-28.24399948,-52.32659912
PET,-31.71839905,-52.32770157
PNZ,-9.362409592,-40.56909943
PVH,-8.709289551,-63.90230179
RBR,-9.868888855,-67.89805603
REC,-8.126489639,-34.92359924
SDU,-22.91049957,-43.1631012
RAO,-21.13638878,-47.77666855
SJK,-23.22920036,-45.86149979
SLZ,-2.58536005,-44.23410034
CGH,-23.62611008,-46.65638733
SJP,-20.8166008,-49.40650177
SSA,-12.9086113,-38.32249832
TMT,-1.489599943,-56.39680099
THE,-5.059939861,-42.82350159
TFF,-3.382940054,-64.72409821
TBT,-4.255670071,-69.93579865
TUR,-3.786010027,-49.72029877
SJL,-0.14835,-66.9855
PAV,-9.40087986,-38.25059891
URG,-29.78219986,-57.03820038
UDI,-18.88361168,-48.22527695
UBA,-19.76472282,-47.96611023
BVH,-12.69439983,-60.09830093
VIX,-20.25805664,-40.2863884
ARI,-18.3484993,-70.33869934
BBA,-45.91609955,-71.6894989
CJC,-22.49819946,-68.9036026
PUQ,-53.00260162,-70.854599
IQQ,-20.53520012,-70.1812973
SCL,-33.39300156,-70.78579712
ANF,-23.44449997,-70.44509888
CCP,-36.77270126,-73.06310272
IPC,-27.16480064,-109.4219971
ZOS,-40.61119843,-73.06099701
LSC,-29.91620064,-71.19950104
ZCO,-38.76679993,-72.63710022
PMC,-41.43889999,-73.09400177
ZAL,-39.65000153,-73.08609772
OCC,-0.462886006,-76.98680115
CUE,-2.8894701,-78.98439789
GPS,-0.453758001,-90.26589966
GYE,-2.15741992,-79.88359833
LTX,-0.906832993,-78.61579895
XMS,-2.299170017,-78.1207962
MEC,-0.946078002,-80.67880249
UIO,-0.129166667,-78.3575
ETR,-3.441986,-79.996957
TUA,0.809505999,-77.70809937
ASU,-25.23999977,-57.52000046
AXM,4.45278,-75.7664
PUU,0.505228,-76.5008
BGA,7.1265,-73.1848
BOG,4.70159,-74.1469
BAQ,10.8896,-74.7808
BSC,6.20292,-77.3947
BUN,3.81963,-76.9898
CUC,7.92757,-72.5115
CTG,10.4424,-75.513
CLO,3.54322,-76.3816
TCO,1.81442,-78.7492
CZU,9.33274,-75.2856
EJA,7.02433,-73.8068
FLA,1.58919,-75.5644
GPI,2.57013,-77.8986
IBE,4.42161,-75.1333
IPI,0.861925,-77.6718
APO,7.81196,-76.7164
LET,-4.19355,-69.9432
EOH,6.220549,-75.590582
MTR,8.82374,-75.8258
MVP,1.25366,-70.2339
MZL,5.0296,-75.4647
NVA,2.95015,-75.294
PCR,6.18472,-67.4932
PEI,4.81267,-75.7395
PPN,2.4544,-76.6093
PSO,1.39625,-77.2915
PVA,13.3569,-81.3583
MDE,6.16454,-75.4231
RCH,11.5262,-72.926
SJE,2.57969,-72.6394
SMR,11.1196,-74.2306
ADZ,12.5836,-81.7112
SVI,2.15217,-74.7663
TME,6.45108,-71.7603
AUC,7.06888,-70.7369
UIB,5.69076,-76.6412
VUP,10.435,-73.2495
VVC,4.16787,-73.6138
CBB,-17.42110062,-66.17710114
CIJ,-11.04039955,-68.78299713
LPB,-16.51329994,-68.19229889
POI,-19.54310036,-65.72370148
SRE,-19.00709915,-65.28869629
TJA,-21.5557003,-64.70130157
TDD,-14.81869984,-64.91799927
VVI,-17.64480019,-63.13539886
BYC,-21.96089935,-63.65169907
PBM,5.452829838,-55.18780136
CAY,4.819809914,-52.36040115
PCL,-8.377940178,-74.57430267
CIX,-6.787479877,-79.82810211
AYP,-13.15480042,-74.20439911
ANS,-13.70639992,-73.35040283
ATA,-9.347439766,-77.5983963
LIM,-12.0219,-77.114304
JUL,-15.46710014,-70.15820313
TBP,-3.55253005,-80.38140106
IQT,-3.784739971,-73.30879974
AQP,-16.34110069,-71.58309937
TRU,-8.081410408,-79.1088028
TPP,-6.508739948,-76.37319946
TCQ,-18.05330086,-70.27580261
PEM,-12.61359978,-69.22859955
PIU,-5.205749989,-80.61640167
CUZ,-13.53569984,-71.938797
MVD,-34.83840179,-56.03079987
BLA,10.10709953,-64.68920135
BNS,8.619569778,-70.22080231
BRM,10.04274654,-69.35861969
CAJ,6.231988907,-62.85443115
CZE,11.4149437,-69.68090057
CUM,10.45033264,-64.13047028
LSP,11.78077507,-70.15149689
LFR,8.239167213,-72.27102661
MAR,10.55820847,-71.7278595
MRD,8.58207798,-71.16104126
PMV,10.91260338,-63.96659851
CCS,10.60311699,-66.99058533
MUN,9.754529953,-63.1473999
PYH,5.619989872,-67.60610199
PBL,10.48050022,-68.07299805
PZO,8.28853035,-62.76039886
SVZ,7.840829849,-72.43969727
SNV,4.554999828,-61.15000153
STD,7.565380096,-72.03510284
SOM,8.945146561,-64.1510849
VLN,10.14973259,-67.92839813
VLV,9.340477943,-70.58406067
ANU,17.1367,-61.792702
BGI,13.07460022,-59.49250031
DOM,15.54699993,-61.29999924
FDF,14.5909996,-61.00320053
SFG,18.09989929,-63.04719925
PTP,16.26530075,-61.53179932
GND,12.00419998,-61.78620148
STT,18.33729935,-64.9733963
STX,17.70190048,-64.79859924
BQN,18.49489975,-67.12940216
MAZ,18.25569916,-67.14849854
PSE,18.00830078,-66.56300354
SJU,18.43939972,-66.00180054
SKB,17.31119919,-62.71870041
SLU,14.0202,-60.992901
UVF,13.7332,-60.952599
AUA,12.50139999,-70.01519775
BON,12.13099957,-68.26850128
CUR,12.1889,-68.959801
EUX,17.49650002,-62.97940063
SXM,18.04100037,-63.10889816
AXA,18.20479965,-63.05509949
TAB,11.14970016,-60.8321991
POS,10.59539986,-61.33720016
EIS,18.44479942,-64.54299927
SVD,13.14430046,-61.21089935
ALA,43.35210037,77.04049683
TSE,51.02220154,71.46690369
DMB,42.85359955,71.3035965
FRU,43.06129837,74.4776001
OSS,40.60900116,72.79329681
CIT,42.36420059,69.47889709
URA,51.1507988,51.54309845
PWQ,52.19499969,77.07389832
PLX,50.35129929,80.23439789
AKX,50.24580002,57.20669937
GYD,40.46749878,50.04669952
YKS,62.09329987,129.7709961
MJZ,62.53469849,114.0390015
BQS,50.42539978,127.4120026
KHV,48.52799988,135.1880035
GDX,59.9109993,150.7200012
PWE,69.78330231,170.5970001
PKC,53.16790009,158.4539948
UUS,46.88869858,142.7180023
VVO,43.39899826,132.147995
HTA,52.026299,113.306
BTK,56.37060165,101.697998
IKT,52.26800156,104.3889999
UUD,51.80780029,107.4380035
KBP,50.34500122,30.8946991
DOK,48.07360077,37.73970032
DNK,48.35720062,35.1006012
SIP,45.05220032,33.97510147
IEV,50.40194,30.45194
LWO,49.8125,23.95610046
ODS,46.42679977,30.67650032
LED,59.8003006,30.26250076
MMK,68.78170013,32.75080109
KGD,54.88999939,20.59259987
MSQ,53.88249969,28.03070068
ABA,53.74000168,91.38500214
BAX,53.36380005,83.53849792
KEJ,55.27009964,86.10720062
OMS,54.96699905,73.3105011
KRR,45.03469849,39.17050171
MCX,42.81679916,47.65230179
MRV,44.22510147,43.08190155
STW,45.10919952,42.1128006
ROV,47.2582016,39.81809998
AER,43.44990158,39.95660019
ASF,46.28329849,48.00630188
VOG,48.78250122,44.34550095
CEK,55.305801,61.5033
MQF,53.39310074,58.75569916
NJC,60.94929886,76.4835968
PEE,57.91450119,56.02119827
SGC,61.34370041,73.40180206
SVX,56.74309921,60.80270004
ASB,37.98680115,58.36100006
DYU,38.54330063,68.82499695
BHK,39.77500153,64.48329926
SKD,39.70050049,66.9838028
TAS,41.25790024,69.28119659
SVO,55.972599,37.4146
VOZ,51.81420135,39.229599
VKO,55.59149933,37.26150131
SCW,61.64699936,50.8451004
KZN,55.60620117,49.27870178
REN,51.79579926,55.45669937
UFA,54.55749893,55.87440109
KUF,53.50490189,50.16429901
AMD,23.07719994,72.63469696
IXU,19.86269951,75.39810181
BOM,19.08869934,72.86789703
BHJ,23.28779984,69.67019653
IXG,15.85929966,74.61830139
BDQ,22.33620071,73.2263031
BHO,23.28750038,77.33740234
BHU,21.75219917,72.18520355
GOI,15.38080025,73.83139801
IDR,22.72179985,75.80110168
JLR,23.17779922,80.05200195
JGA,22.46549988,70.01260376
HJR,24.81719971,79.91860199
NAG,21.09219933,79.04720306
PNQ,18.58209991,73.91970062
PBD,21.64870071,69.65720367
RAJ,22.30920029,70.77950287
RPR,21.18040085,81.73880005
STV,21.1140995,72.7417984
UDR,24.61770058,73.89610291
CMB,7.180759907,79.88410187
TRR,8.538510323,81.18190002
PNH,11.54660034,104.8440018
REP,13.41069984,103.8130035
IXA,23.88699913,91.24040222
AJL,23.84059906,92.61969757
IXB,26.68120003,88.32859802
BBI,20.24440002,85.81780243
CCU,22.65469933,88.44670105
IMF,24.76000023,93.896698
IXS,24.91290092,92.97869873
DIB,27.48390007,95.01689911
PAT,25.59129906,85.08799744
IXR,23.31430054,85.32170105
VTZ,17.72120094,83.22450256
CXB,21.45219994,91.96389771
CGP,22.24959946,91.81330109
JSR,23.18379974,89.16079712
RJH,24.43720055,88.61650085
SPD,25.75919914,88.9088974
ZYL,24.96319962,91.8667984
DAC,23.843347,90.397783
HKG,22.30890083,113.9150009
AGR,27.15579987,77.96089935
IXD,25.44009972,81.73390198
ATQ,31.70960045,74.79730225
VNS,25.45240021,82.85929871
KUU,31.87669945,77.15440369
IXC,30.67350006,76.78849792
DED,30.18969917,78.18029785
DEL,28.56649971,77.10310364
GWL,26.29330063,78.22779846
JDH,26.25110054,73.04889679
JAI,26.82419968,75.81220245
IXJ,32.68909836,74.83740234
KNU,26.44140053,80.36489868
LUH,30.85470009,75.95259857
IXL,34.13589859,77.54650116
LKO,26.76059914,80.88929749
SXR,33.98709869,74.77420044
LPQ,19.89730072,102.1610031
PKZ,15.13210011,105.7809982
ZVK,16.55660057,104.7600021
VTE,17.98830032,102.5630035
MFM,22.14959908,113.5920029
BWA,27.505685,83.416293
KTM,27.69659996,85.35910034
PKR,28.20089912,83.98210144
BIR,26.48150063,87.26399994
AGX,10.82369995,72.1760025
BLR,13.1979,77.706299
VGA,16.53039932,80.79679871
CJB,11.02999973,77.04340363
COK,10.15200043,76.40190125
CCJ,11.13679981,75.95529938
IXM,9.83450985,78.09339905
IXE,12.9612999,74.89009857
MAA,12.99000549,80.16929626
IXZ,11.64120007,92.72969818
RJA,17.11039925,81.81819916
TIR,13.63249969,79.54329681
TRZ,10.76539993,78.70970154
TRV,8.48211956,76.92009735
PBH,27.40320015,89.42459869
MLE,4.191830158,73.52909851
DMK,13.91259956,100.6070023
UTP,12.67990017,101.0049973
LPT,18.27090073,99.5042038
PRH,18.13220024,100.1650009
PHS,16.78289986,100.2789993
NAW,6.519919872,101.7429962
KBV,8.09912014,98.98619843
USM,9.547789574,100.0619965
HKT,8.113200188,98.31690216
UNN,9.777620316,98.58550262
HDY,6.933209896,100.3929977
TST,7.508739948,99.61660004
UTH,17.38640022,102.788002
SNO,17.19510078,104.1190033
LOE,17.43910027,101.7220001
DAD,16.04389954,108.1989975
HAN,21.22120094,105.8069992
HUI,16.4015007,107.7030029
PQC,10.1698,103.9931
SGN,10.81879997,106.6520004
NYU,21.17880058,94.93019867
HEH,20.74699974,96.79199982
KET,21.3015995,99.63600159
KYP,19.42639923,93.53479767
MDL,21.70219994,95.97789764
MGZ,12.43980026,98.62149811
MYT,25.38360023,97.35189819
PBU,27.32990074,97.42630005
AKY,20.13269997,92.87259674
SNW,18.46069908,94.30010223
THL,20.48380089,99.93540192
RGN,16.90730095,96.1332016
UPG,-5.061629772,119.5540009
BIK,-1.190019965,136.1080017
NBX,-3.368180037,135.4960022
TIM,-4.528279781,136.8869934
DJJ,-2.576950073,140.5160065
WMX,-4.102509975,138.9570007
MKQ,-8.520290375,140.4179993
GTO,0.637118995,122.8499985
PLW,-0.918542027,119.9100037
MDC,1.54926002,124.9260025
PSJ,-1.416749954,120.6579971
TTE,0.831413984,127.3809967
LUW,-1.038920045,122.7720032
AMQ,-3.710259914,128.0890045
FKQ,-2.920190096,132.2669983
KNG,-3.644520044,133.6959991
BXB,-2.532239914,133.4389954
MKW,-0.891833007,134.048996
SOQ,-0.894,131.287
BTU,3.123850107,113.0199966
KCH,1.484699965,110.3470001
LMN,4.808300018,115.0100021
MUR,4.178979874,114.3290024
MYY,4.32201004,113.9869995
SBW,2.261600018,111.9850006
LDU,5.032249928,118.3239975
BKI,5.937210083,116.0510025
LBU,5.300680161,115.25
TWU,4.320159912,118.1279984
BWN,4.944200039,114.9280014
PKU,0.460786015,101.4449997
CGK,-6.12556982,106.6559982
KTG,-1.816640019,109.9629974
PNK,-0.150711,109.4039993
DJB,-1.638020039,103.6439972
BKS,-3.8637,102.338997
PLM,-2.898250103,104.6999969
BTJ,5.522872024,95.42063713
AOR,6.189670086,100.3980026
KBR,6.16685009,102.2929993
KUA,3.77538991,103.2089996
KTE,4.537220001,103.427002
IPH,4.567969799,101.0920029
JHB,1.641309977,103.6699982
KUL,2.745579958,101.7099991
LGK,6.329730034,99.72869873
TGG,5.382639885,103.1029968
PEN,5.297140121,100.2770004
DIL,-8.54640007,125.526001
SIN,1.35019,103.994003
ABM,-10.9508,142.459
ASP,-23.80669975,133.9019928
BNE,-27.38419914,153.1170044
OOL,-28.1644001,153.5050049
CNS,-16.88579941,145.7550049
CTL,-26.41329956,146.2619934
ISA,-20.66390038,139.4889984
MCY,-26.60330009,153.0910034
MKY,-21.17169952,149.1799927
PPP,-20.49500084,148.552002
ROK,-23.38190079,150.4750061
TSV,-19.25250053,146.7649994
WEI,-12.67860031,141.9250031
AVV,-38.03939819,144.4689941
ABX,-36.06779861,146.9579926
MEB,-37.72809982,144.9019928
HBA,-42.83610153,147.5099945
LST,-41.54529953,147.2140045
MEL,-37.6733017,144.8430023
ADL,-34.94499969,138.5310059
KTA,-20.71220016,116.7730026
KGI,-30.7894001,121.461998
KNX,-15.77810001,128.7079926
LEA,-22.23559952,114.0889969
PHE,-20.37779999,118.6259995
PER,-31.94029999,115.9670029
XCH,-10.45059967,105.6900024
CBR,-35.30690002,149.1950073
CFS,-30.32060051,153.1159973
DBO,-32.21670151,148.5749969
NLK,-29.04159927,167.9389954
SYD,-33.94609833,151.177002
TMW,-31.08390045,150.8470001
WGA,-35.16529846,147.4660034
PEK,40.08010101,116.5849991
HLD,49.20500183,119.8249969
TSN,39.12440109,117.3460007
TYN,37.74689865,112.6279984
CAN,23.39240074,113.2990036
CSX,28.18919945,113.2200012
KWL,25.21809959,110.0390015
NNG,22.60829926,108.1719971
SZX,22.63929939,113.810997
CGO,34.5196991,113.8410034
WUH,30.78380013,114.2080002
FNJ,39.224098,125.669998
LHW,36.51520157,103.6200027
XIY,34.44710159,108.7519989
ULN,47.8431015,106.7669983
JHG,21.97389984,100.7600021
KMG,25.1019444,102.9291667
XMN,24.54400063,118.1279984
KHN,28.86499977,115.9000015
FOC,25.93510056,119.663002
HGH,30.22949982,120.4339981
NGB,29.82670021,121.461998
NKG,31.74200058,118.8619995
HFE,31.78000069,117.2979965
TAO,36.26610184,120.3740005
SHA,31.19790077,121.3359985
YNT,37.40169907,121.3720016
CKG,29.71920013,106.6419983
KWE,26.53849983,106.8010025
CTU,30.57850075,103.9469986
XIC,27.9890995,102.1839981
KHG,39.54290009,76.01999664
HTN,37.03850174,79.86489868
URC,43.90710068,87.47419739
HRB,45.62340164,126.25
MDG,44.52410126,129.5690002
DLC,38.96569824,121.5390015
PVG,31.14340019,121.8050003
SZB,3.130579948,101.5490036
NTQ,37.29309845,136.9620056
HBE,30.91769981,29.69639969
BTI,70.13400269,-143.5820007
LUR,68.87509918,-166.1100006
PIZ,69.73290253,-163.0050049
ITO,19.72139931,-155.0480042
BTT,66.91390228,-151.529007
FYU,66.57150269,-145.25
TLJ,62.89440155,-155.977005
SNP,57.16730118,-170.2200012
STG,56.57830048,-169.6620026
ILI,59.75439835,-154.9109955
PTU,59.01139832,-161.8200073
FSM,35.33660126,-94.36740112
GFK,47.949299,-97.176102
HNM,20.79560089,-156.0140076
PRC,34.65449905,-112.4199982
TTN,40.27669907,-74.81349945
BOS,42.36429977,-71.00520325
OAK,37.72129822,-122.2210007
OMA,41.30319977,-95.89409637
OGG,20.89859962,-156.4299927
ICT,37.64989853,-97.43309784
MCI,39.2976,-94.713898
MSN,43.13990021,-89.33750153
DLG,59.04470062,-158.5050049
HRO,36.26150131,-93.15470123
PHX,33.43429947,-112.012001
BGR,44.80739975,-68.82810211
GGG,32.38399887,-94.71150208
GEG,47.61989975,-117.5339966
SFO,37.61899948,-122.375
GNV,29.69009972,-82.27179718
MEM,35.04240036,-89.97669983
LAX,33.94250107,-118.4079971
CLE,41.4117012,-81.84980011
CVG,39.04880142,-84.6678009
HON,44.3852005,-98.22850037
JNU,58.35499954,-134.576004
LFT,30.20529938,-91.98760223
EWR,40.69250107,-74.16870117
BOI,43.56439972,-116.2229996
GCK,37.92750168,-100.723999
MOT,48.25939941,-101.2799988
DAL,32.8470993,-96.85179901
HLN,46.60680008,-111.9830017
LCH,30.12610054,-93.22329712
KOA,19.73880005,-156.0460052
MYR,33.67969894,-78.92829895
ACK,41.25310135,-70.06020355
DCA,38.8521,-77.037697
ACY,39.45759964,-74.57720184
PUB,38.28910065,-104.4970016
PQI,46.68899918,-68.0447998
ADQ,57.75,-152.4940033
FLL,26.07259941,-80.15270233
INL,48.56620026,-93.40309906
SLC,40.78839874,-111.9779968
MDT,40.19350052,-76.76339722
LNK,40.85100174,-96.75920105
LAN,42.77870178,-84.58740234
MUE,20.00130081,-155.6679993
MSS,44.93579865,-74.84559631
IAH,29.9843998,-95.34140015
BFL,35.43360138,-119.0569992
ELP,31.80719948,-106.3779984
HRL,26.22850037,-97.65440369
CAE,33.93880081,-81.11949921
PNS,30.47340012,-87.18659973
HOU,29.64539909,-95.27890015
PIT,40.49150085,-80.23290253
BRW,71.285402,-156.766008
MIA,25.79319954,-80.29060364
SEA,47.44900131,-122.3089981
CHA,35.03530121,-85.20379639
JAN,32.31119919,-90.07589722
LGB,33.81769943,-118.1520004
IPT,41.2417984,-76.9210968
IND,39.7173,-86.294403
HPN,41.06700134,-73.70760345
JBR,35.83169937,-90.64640045
YUM,32.65660095,-114.6060028
CNM,32.33750153,-104.2630005
DLH,46.84209824,-92.19360352
BET,60.77980042,-161.8379974
LIH,21.97599983,-159.3390045
HVR,48.54299927,-109.762001
RIC,37.50519943,-77.31970215
SHV,32.44660187,-93.82559967
CDV,60.4917984,-145.4779968
ORF,36.89459991,-76.20120239
BPT,29.95079994,-94.02069855
SAV,32.12760162,-81.20210266
OME,64.5121994,-165.4450073
PIE,27.91020012,-82.68740082
SCC,70.19470215,-148.4649963
SAT,29.53370094,-98.46980286
ROC,43.1189003,-77.67240143
TEB,40.85010147,-74.06079865
RDU,35.87760162,-78.78749847
DAY,39.90240097,-84.2193985
ENA,60.57310104,-151.2449951
IAG,43.1072998,-78.94619751
PHF,37.13190079,-76.49299622
TUS,32.11610031,-110.9410019
PVD,41.73260117,-71.42040253
SBY,38.34049988,-75.51029968
BUR,34.20069885,-118.3590012
DTW,42.21239853,-83.35340118
TPA,27.97550011,-82.53320313
HIB,47.38660049,-92.83899689
MAF,31.94249916,-102.2020035
GRB,44.48509979,-88.12960052
AGS,33.36989975,-81.96450043
ISN,48.17789841,-103.6419983
LIT,34.72940063,-92.22429657
SWF,41.5041008,-74.10479736
HOM,59.64559937,-151.477005
TBN,37.74160004,-92.14070129
DFW,32.89680099,-97.03800201
MLB,28.10280037,-80.64530182
AUS,30.19449997,-97.66989899
LCK,39.813801,-82.927803
MQT,46.35359955,-87.395401
TYS,35.81100082,-83.9940033
STL,38.74869919,-90.37000275
SPS,33.98880005,-98.49189758
LUK,39.10329819,-84.41860199
ATL,33.63669968,-84.42810059
GRR,42.88079834,-85.52279663
FAT,36.77619934,-119.7180023
IPL,32.83420181,-115.5790024
BNA,36.12450027,-86.67819977
LRD,27.54380035,-99.46160126
OTZ,66.88469696,-162.598999
AOO,40.29639816,-78.31999969
ELD,33.22100067,-92.81330109
LGA,40.77719879,-73.87259674
TLH,30.39649963,-84.35030365
ACT,31.61129951,-97.23049927
AUG,44.3205986,-69.79730225
MKL,35.59989929,-88.91560364
MKK,21.1529007,-157.095993
SJT,31.35770035,-100.4960022
CIC,39.79539871,-121.8580017
BTV,44.47190094,-73.15329742
JAX,30.49410057,-81.68789673
DRO,37.1515007,-107.7539978
IAD,38.94449997,-77.45580292
CLL,30.58860016,-96.36380005
MKE,42.94720078,-87.89659882
ABI,32.41130066,-99.68190002
COU,38.81809998,-92.21959686
PDX,45.58869934,-122.5979996
PBI,26.68320084,-80.09559631
OGS,44.68190002,-75.46549988
BFI,47.52999878,-122.302002
HNL,21.31870079,-157.9219971
DSM,41.5340004,-93.6631012
EWN,35.07300186,-77.04290009
SAN,32.73360062,-117.1900024
MLU,32.51089859,-92.03769684
ONT,34.05599976,-117.6009979
ROW,33.30160141,-104.5309982
BRO,25.90679932,-97.42590332
DHN,31.32130051,-85.44960022
FMN,36.74119949,-108.2300034
CRP,27.77039909,-97.50119781
SYR,43.11119843,-76.10630035
MDW,41.7859993,-87.75240326
SJC,37.36259842,-121.9290009
HOB,32.6875,-103.2170029
DEN,39.86169815,-104.6729965
PHL,39.87189865,-75.2410965
SUX,42.40259933,-96.38439941
MCN,32.69279861,-83.64920044
CMH,39.9980011,-82.89189911
GAL,64.73619843,-156.9369965
TXK,33.45370102,-93.99099731
PBG,44.65090179,-73.4681015
ANC,61.17440033,-149.9960022
GRK,31.06719971,-97.8289032
BLI,48.7928009,-122.538002
MOB,30.69120026,-88.24279785
SAF,35.61709976,-106.0889969
BLV,38.5452,-89.835197
RSW,26.53619957,-81.75520325
AKN,58.67679977,-156.6490021
JHM,20.96290016,-156.6730042
JFK,40.63980103,-73.77890015
CYS,41.15570068,-104.8119965
SCK,37.89419937,-121.237999
CHS,32.89860153,-80.04049683
RNO,39.49909973,-119.7679977
KTN,55.35559845,-131.7140045
BHM,33.56290054,-86.75350189
MOD,37.62580109,-120.9540024
SMF,38.69540024,-121.5910034
COS,38.80580139,-104.7009964
BUF,42.94049835,-78.73220062
CDC,37.70100021,-113.098999
BDL,41.93889999,-72.68319702
MFE,26.17580032,-98.23860168
LBB,33.66360092,-101.822998
ORD,41.97859955,-87.90480042
FAI,64.81510162,-147.8560028
ART,43.9919014,-76.021698
PSP,33.82970047,-116.5070038
AMA,35.2193985,-101.7060013
FOE,38.95090103,-95.66359711
ILM,34.27059937,-77.90260315
BTR,30.53319931,-91.14959717
TYR,32.35409927,-95.40239716
BWI,39.17539978,-76.66829681
LNY,20.78560066,-156.951004
AEX,31.32740021,-92.54979706
CDB,55.20610046,-162.7250061
TUL,36.19839859,-95.88809967
SIT,57.04710007,-135.3619995
ISP,40.79520035,-73.10019684
MSP,44.88199997,-93.22180176
ILG,39.67869949,-75.60649872
DUT,53.90010071,-166.5440063
MSY,29.99340057,-90.25800323
PWM,43.64619827,-70.30930328
OKC,35.39310074,-97.60070038
ALB,42.74829865,-73.80169678
VDZ,61.13389969,-146.2480011
SNA,33.67570114,-117.8679962
CPR,42.90800095,-106.4639969
VPS,30.4832,-86.525398
EYW,24.55610085,-81.75959778
CLT,35.2140007,-80.94309998
LAS,36.08010101,-115.1520004
MCO,28.42939949,-81.30899811
FLO,34.1853981,-79.72389984
GTF,47.48199844,-111.3710022
YNG,41.26070023,-80.67910004
BKK,13.68109989,100.7470016
NAH,3.683209896,125.5279999
KDI,-4.081610203,122.4179993
MLG,-7.926559925,112.7149963
BDO,-6.900629997,107.5759964
JOG,-7.788179874,110.4319992
SRG,-6.97273,110.375
BTH,1.121029973,104.1190033
TJQ,-2.74571991,107.7549973
PGK,-2.162199974,106.1389999
TNJ,0.922683001,104.5319977
BDJ,-3.442359924,114.7630005
PKN,-2.705199957,111.6729965
PKY,-2.225130081,113.9430008
MOF,-8.640649796,122.2369995
ENE,-8.849289894,121.6610031
KOE,-10.17160034,123.6709976
LBJ,-8.486660004,119.8889999
BPN,-1.268270016,116.8939972
TRK,3.326667,117.569444
BMU,-8.539649963,118.6869965
WGP,-9.669219971,120.302002
SUB,-7.379829884,112.7870026
SOC,-7.516089916,110.7570038
ICN,37.46910095,126.4509964
CNX,18.76679993,98.96260071
CEI,19.95229912,99.88289642
NST,8.539620399,99.94470215
KOP,17.38380051,104.6429977
UBP,15.25129986,104.8700027
KKC,16.46660042,102.7839966
THS,17.23800087,99.81819916
DPS,-8.748169899,115.1669998
ATH,37.93640137,23.94449997
NGO,34.85839844,136.8049927
UKB,34.63280106,135.223999
PUW,46.7439,-117.110001
LWS,46.37450027,-117.0149994
ELM,42.15990067,-76.89160156
ITH,42.49100113,-76.45839691
MRY,36.5870018,-121.8430023
SBA,34.42620087,-119.8399963
DAB,29.179899,-81.058098
RIX,56.92359924,23.97109985
KUN,54.96390152,24.08480072
PLQ,55.97320175,21.09390068
VNO,54.63410187,25.28580093
EVN,40.14730072,44.39590073
LWN,40.75040054,43.85929871
ASM,15.29189968,38.91070175
MSW,15.67000008,39.37009811
BUS,41.61029816,41.59970093
KUT,42.17670059,42.48260117
TBS,41.6692009,44.95470047
RIY,14.66259956,49.375
TAI,13.68599987,44.13909912
HOD,14.75300026,42.97629929
ADE,12.8295002,45.02880096
AXK,14.55130005,46.82619858
AAY,16.19169998,52.17499924
SAH,15.47630024,44.21969986
SCT,12.63070011,53.90579987
FMM,47.98880005,10.23950005
NAV,38.7719,34.5345
EZE,-34.8222,-58.5358
EBL,36.23759842,43.96319962
EMD,-23.56749916,148.1790009
KIX,34.4272995,135.2440033
TAG,9.664079666,123.8529968
JAV,69.24320221,-51.05709839
JEG,68.72180176,-52.78469849
PMI,39.55170059,2.738810062
DRW,-12.41469955,130.8769989
URT,9.132599831,99.13559723
HVN,41.26369858,-72.88680267
AVL,35.43619919,-82.54180145
GSO,36.09780121,-79.93730164
FSD,43.58200073,-96.74189758
AYQ,-25.1861,130.975998
MHT,42.93259811,-71.43569946
APF,26.15259933,-81.77529907
RDN,5.76527977,103.0070038
SDF,38.1744,-85.736
CHO,38.1385994,-78.45290375
ROA,37.32550049,-79.97540283
LEX,38.03649902,-84.60590363
EVV,38.03699875,-87.53240204
ABQ,35.04019928,-106.6090012
BZN,45.77750015,-111.1529999
BIL,45.80770111,-108.5429993
BTM,45.95479965,-112.4970016
TVC,44.74140167,-85.5821991
FRS,16.91379929,-89.86640167
BHB,44.45000076,-68.3615036
RKD,44.06010056,-69.09919739
JAC,43.6072998,-110.737999
RFD,42.19540024,-89.09719849
DME,55.40879822,37.90629959
SYX,18.30290031,109.4120026
LJG,26.68000031,100.2460022
GSP,34.89569855,-82.21890259
BMI,40.47710037,-88.91590118
GPT,30.40730095,-89.07009888
AZO,42.23490143,-85.55210114
TOL,41.58679962,-83.80780029
FWA,40.97850037,-85.19509888
DEC,39.83459854,-88.86569977
CID,41.88470078,-91.71080017
LSE,43.879002,-91.256699
CWA,44.77759933,-89.66680145
PIA,40.66419983,-89.69329834
ATW,44.2580986,-88.51909637
RST,43.90829849,-92.5
CMI,40.03919983,-88.27809906
MHK,39.14099884,-96.67079926
KGC,-35.71390152,137.5209961
HVB,-25.31889915,152.8800049
DLU,25.649401,100.319
MZV,4.04832983,114.8050003
SSH,27.97730064,34.39500046
FKL,41.37789917,-79.86039734
NBO,-1.319239974,36.92779922
FTE,-50.2803,-72.053101
ARM,-30.52809906,151.6170044
GJT,39.12239838,-108.5270004
SGU,37.03638889,-113.5103056
SRQ,27.39539909,-82.55439758
BDA,32.36399841,-64.67870331
MLI,41.44850159,-90.50749969
HIR,-9.42800045,160.0549927
PPT,-17.55369949,-149.6069946
INU,-0.547458,166.919006
FUN,-8.525,179.195999
OVB,55.01259995,82.65070343
XKH,19.45000076,103.1579971
BIS,46.77270126,-100.7460022
INC,38.481899,106.009003
HGN,19.30130005,97.97579956
RAP,44.04529953,-103.0569992
CLD,33.12829971,-117.2799988
FNT,42.9654007,-83.74359894
DVO,7.125520229,125.6460037
FNC,32.69789886,-16.77449989
STM,-2.424721956,-54.78583145
KOS,10.57970047,103.637001
NPE,-39.465801,176.869995
LXA,29.29780006,90.91190338
RDD,40.50899887,-122.2929993
EUG,44.12459946,-123.211998
IDA,43.51459885,-112.0709991
MFR,42.37419891,-122.8730011
RDM,44.2541008,-121.1500015
WDH,-22.4799,17.4709
YWH,48.42498589,-123.3888674
TNA,36.85720062,117.2160034
CZX,31.919701,119.778999
YBP,28.80055556,104.545
TJM,57.1896019,65.32430267
CAK,40.91609955,-81.44219971
HSV,34.6371994,-86.77510071
PKB,39.3451004,-81.43920135
MGM,32.30059814,-86.39399719
TRI,36.47520065,-82.40740204
PAH,37.06079865,-88.77380371
JIB,11.54730034,43.15950012
HAK,19.93490028,110.4589996
PGA,36.92610168,-111.447998
UII,16.1131,-86.880302
FCA,48.3105011,-114.2559967
MBS,43.53290176,-84.07959747
BGM,42.20869827,-75.97979736
BGW,33.26250076,44.23460007
NNT,18.80789948,100.7829971
ROI,16.11680031,103.7740021
BFV,15.22949982,103.2529984
TDX,12.27460003,102.3190002
CRK,15.18599987,120.5599976
SDK,5.900899887,118.0589981
LXG,20.96699905,101.4000015
ODY,20.6826992,101.9940033
SHE,41.63980103,123.4830017
PSG,56.80170059,-132.9450073
LYA,34.74110031,112.3880005
XUZ,34.059056,117.555278
DLI,11.75,108.3669968
VKG,9.958029972,105.1323795
CAH,9.177667,105.177778
VCL,15.40330029,108.7060013
TBB,13.04959965,109.3339996
PYY,19.37199974,98.43699646
BWK,43.28570175,16.67970085
NSI,3.722559929,11.5532999
CKY,9.57689,-13.612
FKB,48.77939987,8.080499649
SFB,28.77759933,-81.23750305
JST,40.31610107,-78.83390045
TMI,27.31500053,87.19329834
DHI,28.75329971,80.58190155
MWX,34.991406,126.382814
JTY,36.57989883,26.37579918
JIK,37.68270111,26.3470993
JKL,36.9632988,26.94059944
MLO,36.69689941,24.4769001
JNX,37.08110046,25.36809921
PAS,37.020495,25.113195
KZS,36.14170074,29.57640076
RMF,25.5571003,34.58369827
NRN,51.60240173,6.142169952
USU,12.12150002,120.0999985
BXU,8.9515,125.4788
DPL,8.601983499,123.3418751
LAO,18.17810059,120.5319977
LGP,13.1575,123.735
OZC,8.178509712,123.8420029
CEB,10.30749989,123.9789963
BPS,-16.43860054,-39.08089828
PMW,-10.29150009,-48.35699844
CLV,-17.72529984,-48.60749817
MSO,46.91630173,-114.0910034
BKQ,-24.42779922,145.4290009
BDB,-24.90390015,152.3190002
GCN,35.95240021,-112.1470032
KDM,0.488130987,72.99690247
YWJ,65.21109772,-123.435997
ZFN,64.90969849,-125.572998
YGH,66.24079895,-128.651001
TAH,-19.45509911,169.223999
YPC,69.36083812,-124.07547
SRZ,-17.81159973,-63.17150116
SAB,17.64500046,-63.22000122
EGE,39.64260101,-106.9179993
SKN,68.5788269,15.03341675
CSG,32.5163002,-84.93890381
LAW,34.56769943,-98.41660309
FLG,35.13850021,-111.6709976
TWF,42.48180008,-114.487999
MVY,41.39310074,-70.61430359
STC,45.54660034,-94.05989838
GTR,33.45029831,-88.59140015
GOJ,56.23009872,43.7840004
ERI,42.08312701,-80.17386675
HYA,41.66930008,-70.28040314
MGW,39.64289856,-79.91629791
CRW,38.37310028,-81.59320068
AVP,41.33850098,-75.7233963
BJI,47.50939941,-94.93370056
BNK,-28.83390045,153.5619965
FAR,46.92070007,-96.81580353
GCC,44.34889984,-105.5390015
TOF,56.38029861,85.20829773
CJM,10.71119976,99.36170197
JZH,32.85333333,103.6822222
SWA,23.552,116.5033
GEO,6.498549938,-58.2541008
AGT,-25.454516,-54.842682
OGL,6.806280136,-58.10589981
DNH,40.16109848,94.80919647
AOI,43.616299,13.3623
CPO,-27.2968998,-70.4131012
LYB,19.66699982,-80.09999847
BJV,37.25059891,27.66430092
SAW,40.89860153,29.30920029
SCE,40.84930038,-77.84870148
BME,-17.94470024,122.2320023
NTL,-32.79499817,151.8339996
KLU,46.642502,14.3377
HFT,70.67970276,23.66860008
HVG,71.00969696,25.98360062
MEH,71.02970123,27.82670021
VDS,70.06529999,29.84469986
IKA,35.41609955,51.15219879
MHD,36.23519897,59.64099884
MEI,32.33259964,-88.75189972
SPI,39.84410095,-89.67790222
CEZ,37.3030014,-108.6279984
HDN,40.48120117,-107.2180023
LBL,37.0442009,-100.9599991
COD,44.52019882,-109.0240021
HOV,62.18000031,6.074100018
ISC,49.91329956,-6.291669846
SGF,37.24570084,-93.38860321
NVK,68.43689728,17.38669968
BVG,70.87139893,29.03420067
NSK,69.31109619,87.3321991
AAQ,45.0021019,37.34730148
JLN,37.15179825,-94.49829865
ABE,40.65209961,-75.44080353
XNA,36.281898,-94.306801
GUW,47.12189865,51.82139969
KZO,44.70690155,65.59249878
SBN,41.70869827,-86.31729889
ARH,64.60030365,40.71670151
RTW,51.56499863,46.04669952
NUX,66.06939697,76.52030182
NOJ,63.18330002,75.26999664
SCO,43.86009979,51.09199905
UCT,63.56689835,53.80469894
USK,66.00469971,57.36719894
NNM,67.63999939,53.12189865
KGP,62.19039917,74.53379822
KJA,56.17290115,92.49330139
KGF,49.67079926,73.33439636
URJ,60.10329819,64.8266983
CGQ,43.99620056,125.6849976
KIJ,37.95589828,139.1210022
ACV,40.97809982,-124.1090012
OAJ,34.82920074,-77.61209869
DBQ,42.40200043,-90.70950317
ATD,-8.87333,161.011002
FRE,-8.1075,159.576996
IRA,-10.44970036,161.897995
SCZ,-10.72029972,165.7949982
MUA,-8.327969551,157.2630005
GZO,-8.097780228,156.8639984
RNL,-11.53390026,160.0630035
RUS,-9.86166954,160.8249969
VAO,-7.585559845,158.7310028
KGE,-7.3305,157.585
RBV,-8.168060303,157.6430054
BUA,-5.422319889,154.6730042
CMU,-6.024290085,144.970993
DAU,-9.086759567,143.2079926
GUR,-10.3114996,150.3339996
PNP,-8.80453968,148.3090057
HKN,-5.462170124,150.4049988
UNG,-6.125710011,141.2819977
KVG,-2.579400063,150.8079987
MDU,-6.14774,143.656998
MAS,-2.06189,147.423996
MXH,-6.363329887,143.2380066
MIS,-10.6892004,152.8379974
TIZ,-5.84499979,142.947998
TBG,-5.278610229,141.2259979
RAB,-4.340459824,152.3800049
VAI,-2.6926,141.3028
WBM,-5.643300056,143.8950043
LLU,60.46445,-45.56917
CNP,70.74310303,-22.65049934
JFR,61.99219894,-49.66249847
JJU,60.71568416,-46.02991864
JSU,65.41249847,-52.93939972
JNN,60.14188398,-45.23297668
JNS,60.91728273,-46.05992317
NAQ,77.48860168,-69.38870239
JHS,66.95130157,-53.72930145
JUV,72.79019928,-56.13059998
JQA,70.73419952,-52.69620132
YAA,52.45249939,-125.3030014
YRG,54.17969894,-58.45750046
YLE,63.13169861,-117.2460022
SUR,52.70859909,-88.54190063
YAX,53.8492012,-89.57939911
WNN,52.89390182,-89.28919983
YNO,52.49000168,-92.97109985
XBE,53.96559906,-91.02719879
KIF,53.01250076,-89.8553009
YOG,51.65859985,-85.90170288
YHP,52.11330032,-94.25559998
YKU,53.80559921,-78.91690063
ZTB,50.67440033,-59.38359833
ZLT,50.8307991,-58.9756012
YAC,51.72719955,-91.82440186
YAG,48.65420151,-93.43969727
XKS,53.52470016,-88.64279938
YKG,60.02719879,-69.99919891
YAT,52.92750168,-82.43190002
YBX,51.4435997,-57.18529892
YCS,63.34690094,-90.73110199
YDP,56.54919815,-61.68030167
YER,56.01890182,-87.67610168
YFA,52.20140076,-81.69689941
YFH,51.56190109,-87.90779877
YMN,55.07690048,-59.18640137
YGT,69.36470032,-81.81610107
YGW,55.2818985,-77.76529694
YGX,56.35749817,-94.71060181
YGZ,76.42610168,-82.90920258
YQC,61.04639816,-69.61779785
CXH,49.29439926,-123.1110001
YNS,51.69110107,-76.13559723
YHO,55.44829941,-60.22859955
YHR,50.46889877,-59.63669968
YIK,62.41730118,-77.9253006
AKV,60.8185997,-78.14859772
YKQ,51.47330093,-78.75830078
YPJ,59.29669952,-69.59970093
YLC,62.84999847,-69.88330078
YLH,52.1955986,-87.93419647
YSG,46.09640121,-70.71469879
XGR,58.71139908,-65.99279785
YMT,49.77190018,-74.52809906
YUD,56.53609848,-76.51830292
YNC,53.01060104,-78.83110046
YPH,58.47190094,-78.07689667
YPM,51.81969833,-93.97329712
YPO,54.98809814,-85.44329834
YPW,49.83420181,-124.5
YQD,53.97140121,-101.0910034
YRA,64.1160965,-117.3099976
YRL,51.06689835,-93.79309845
YSK,56.53779984,-79.24669647
YTL,53.81779861,-89.89689636
YVZ,52.65579987,-94.06140137
YWP,52.9593934,-87.37486839
YXN,62.24000168,-92.59809875
YZG,62.1794014,-75.66719818
ZBF,47.62969971,-65.73889923
ZEM,52.22639847,-78.52249908
ZKE,52.28250122,-81.67780304
MSA,53.44139862,-91.76280212
ZMT,54.02750015,-132.125
ZPB,53.89110184,-92.1964035
ZRJ,52.9435997,-91.31279755
ZSJ,53.06420135,-93.3443985
ZUM,53.56190109,-64.10639954
BLJ,35.7521019,6.308589935
CBH,31.64570045,-2.269860029
BMW,21.375,0.923888981
ELU,33.51139832,6.776790142
KMS,6.714560032,-1.590819955
HDF,53.87870026,14.15229988
DSA,53.48053781,-1.010656357
CAL,55.43719864,-5.686389923
EOI,59.19060135,-2.772219896
NRL,59.36750031,-2.434439898
PPW,59.35169983,-2.900279999
SOY,59.15530014,-2.641390085
NDY,59.25030136,-2.576669931
WRY,59.35029984,-2.950000048
LEQ,50.10279846,-5.670559883
VLY,53.24810028,-4.535339832
BRR,57.02280045,-7.443059921
CFN,55.0442009,-8.340999603
LKN,68.15249634,13.6093998
OSY,64.47219849,11.57859993
MQN,66.36389923,14.30140018
RVK,64.83830261,11.14610004
RET,67.52780151,12.10330009
SDN,61.83000183,6.105830193
SOG,61.156101,7.13778
SVJ,68.24330139,14.66919994
SOJ,69.78679657,20.95940018
VAW,70.35540009,31.04490089
BZG,53.09680176,17.97769928
OSD,63.19440079,14.50030041
HFS,60.02009964,13.57890034
KSD,59.44469833,13.33740044
TYF,60.1576004,12.99129963
AGH,56.29610062,12.84710026
HMV,65.80609894,15.08279991
MQP,-25.38319969,31.10560036
CIP,-13.55830002,32.58720016
SLI,33.79000092,-118.052002
CBT,-12.4792,13.4869
VPE,-17.0435009,15.68379974
MSZ,-15.26119995,12.14680004
VPY,-19.15130043,33.42900085
LUD,-26.68740082,15.24289989
OND,-17.878201,15.9526
OMD,-28.58469963,16.44669914
ERS,-22.61219978,17.08040047
TSH,-6.438330173,20.79470062
LJA,-3.417000055,23.45000076
GMZ,28.02960014,-17.21459961
OXB,11.89480019,-15.65369987
VIL,23.7183,-15.932
ESU,31.39749908,-9.681670189
EUN,27.151699,-13.2192
NDR,34.98880005,-3.028209925
RAI,14.92450047,-23.49349976
SFL,14.88500023,-24.47999954
GDE,5.935130119,43.57860184
BSA,11.27530003,49.1493988
MGQ,2.01444006,45.30469894
GLK,6.780829906,47.45470047
ATZ,27.04649925,31.01199913
ASV,-2.645050049,37.25310135
LKG,4.204120159,34.34820175
MYD,-3.229310036,40.10169983
NYK,-0.062398899,37.041008
SRX,31.06349945,16.59499931
TOB,31.861,23.907
LAQ,32.7887001,21.96430016
UYL,12.05350018,24.95619965
PZU,19.43359947,37.23410034
BKZ,-1.332,31.8212
RUA,3.049999952,30.91699982
DIU,20.71310043,70.9210968
ABR,45.44910049,-98.42179871
ABY,31.53549957,-84.19450378
AHN,33.94860077,-83.32630157
ALO,42.55709839,-92.40029907
ALW,46.09489822,-118.288002
APN,45.0780983,-83.56030273
ATY,44.91400146,-97.15470123
BFD,41.80310059,-78.64009857
BFF,41.87400055,-103.5960007
BKW,37.78730011,-81.12419891
BQK,31.25880051,-81.46649933
BRL,40.78319931,-91.12550354
CEC,41.78020096,-124.2369995
CGI,37.22529984,-89.57080078
CIU,46.25080109,-84.47239685
CKB,39.29660034,-80.22810364
CLM,48.12020111,-123.5
CMX,47.16839981,-88.4890976
DDC,37.76340103,-99.96559906
DUJ,41.17829895,-78.8986969
EAU,44.86579895,-91.48429871
EKO,40.82490158,-115.7919998
EWB,41.67610168,-70.95690155
FAY,34.99119949,-78.88030243
GGW,48.21250153,-106.6149979
GRI,40.96749878,-98.30960083
HOT,34.47800064,-93.09619904
HTS,38.36669922,-82.55799866
IRK,40.09349823,-92.54489899
LAR,41.31209946,-105.6750031
LBE,40.27590179,-79.40480042
LBF,41.12620163,-100.6839981
LEB,43.62609863,-72.30419922
LMT,42.15610123,-121.7330017
LNS,40.12170029,-76.2960968
LYH,37.3266983,-79.20040131
MKG,43.16949844,-86.23819733
MSL,34.74530029,-87.61019897
OTH,43.417099,-124.2460022
OWB,37.74010086,-87.16680145
PIB,31.46710014,-89.33709717
PIH,42.90980148,-112.5960007
PIR,44.38270187,-100.2860031
PLN,45.57089996,-84.79669952
PSM,43.07789993,-70.82330322
RHI,45.63119888,-89.46749878
RKS,41.59420013,-109.0650024
RUT,43.52939987,-72.94960022
SBP,35.23680115,-120.6419983
SHR,44.76919937,-106.9800034
SLK,44.38529968,-74.20619965
SLN,38.79100037,-97.65219879
SMX,34.89889908,-120.4570007
TUP,34.26810074,-88.76989746
UIN,39.94269943,-91.19460297
VCT,28.8526001,-96.91850281
VLD,30.78249931,-83.27670288
WRL,43.96569824,-107.9509964
YKM,46.56819916,-120.5439987
ECN,35.15470123,33.49610138
RJL,42.46095349,-2.322235107
JSY,37.42279816,24.95089912
CVU,39.67150116,-31.11359978
BNX,44.94139862,17.29750061
KSY,40.56219864,43.11500168
KCM,37.53882599,36.95352173
AJI,39.65454102,43.02597809
ADF,37.73139954,38.46889877
ISE,37.85540009,30.36840057
EDO,39.55459976,27.01379967
GDT,21.44449997,-71.14230347
SLX,21.33300018,-71.19999695
AZS,19.2670002,-69.74199677
JBQ,18.57250023,-69.98560333
PEU,15.2622,-83.781197
JAL,19.47509956,-96.79750061
JQE,7.517779827,-78.15720367
TTQ,10.42,-83.6095
TNO,10.35569954,-85.85289764
PJM,8.533329964,-83.30000305
SYQ,9.957050323,-84.13980103
ATC,24.62940025,-75.67379761
CRI,22.74559975,-74.18240356
AIU,-19.96780014,-158.1190033
MGS,-21.89598656,-157.906662
MUK,-20.13610077,-157.3450012
MOI,-19.84250069,-157.7030029
ICI,-17.74329948,-179.3419952
KDV,-19.05809975,178.1569977
LKB,-18.19919968,-178.8170013
LBS,-16.4666996,179.3399963
TVU,-16.69059944,-179.8769989
RTA,-12.48250008,177.0709991
SVU,-16.80279922,179.3410034
VBV,-17.2689991,-178.9759979
IUE,-19.07903099,-169.9255981
FUT,-14.31140041,-178.0659943
AHE,-14.42809963,-146.2570038
AUQ,-9.768790245,-139.0110016
UAP,-9.351670265,-140.0780029
UAH,-8.936109543,-139.552002
MTV,-13.66600037,167.7120056
SLH,-13.85169983,167.5370026
TOH,-13.32800007,166.6380005
EAE,-17.09029961,168.3430023
CCV,-16.26499939,167.923996
LOD,-15.30669975,167.9669952
SSR,-15.4708004,168.1519928
PBJ,-16.43899918,168.2570038
LPM,-16.45400047,167.822998
LNB,-16.58419991,168.1589966
MWF,-15,168.0829926
LNE,-15.86559963,168.1719971
NUS,-16.07970047,167.401001
ZGU,-14.21809959,167.5870056
SON,-15.50500011,167.2200012
TGH,-16.89109993,168.5509949
ULB,-16.3297,168.3011
VLS,-16.79610062,168.177002
SWJ,-16.4864,167.4472
AUY,-20.24920082,169.7709961
AWD,-19.2346,169.6009
DLY,-18.76939964,169.0010071
FTA,-19.51639938,170.2319946
IPA,-18.856389,169.283333
TGJ,-21.09609985,167.8040009
BMY,-19.72060013,163.6609955
ILP,-22.58889961,167.4559937
DWD,24.5,44.40000153
AJF,29.78510094,40.09999847
KHD,33.4353981,48.28290176
BXR,29.08419991,58.45000076
BJB,37.49300003,57.30820084
AFZ,36.16809845,57.59519958
NSH,36.66329956,51.46469879
SRY,36.63579941,53.1935997
LRR,27.67469978,54.38330078
ADU,38.32569885,48.42440033
OMH,37.66809845,45.06869888
AAN,24.26169968,55.60919952
BHV,29.34810066,71.71800232
CJL,35.88660049,71.80059814
DBA,28.87829971,64.39980316
DEA,29.96100044,70.48590088
DSK,31.90940094,70.89659882
KDU,35.33549881,75.53600311
TUK,25.9864006,63.03020096
ISU,35.5617485,45.31673813
GXF,15.96609974,48.78829956
ADK,51.87799835,-176.6459961
GST,58.4253006,-135.7070007
SGY,59.46009827,-135.3159943
HCR,62.18830109,-159.7749939
HNS,59.24380112,-135.5240021
KLG,61.53630066,-160.3410034
MCG,62.95289993,-155.6060028
MOU,62.09540176,-163.6820068
ANI,61.58160019,-159.5429993
VAK,61.5409,-165.6005
WRG,56.48429871,-132.3699951
KUH,43.04100037,144.1929932
HSG,33.14970016,130.302002
NKM,35.25500107,136.923996
IWJ,34.67639923,131.7899933
FKS,37.22740173,140.4309998
ONJ,40.19189835,140.3710022
SYO,38.81219864,139.7870026
KUV,35.90380096,126.6159973
WJU,37.43809891,127.9599991
YNY,38.06129837,128.6690063
HIN,35.08850098,128.0700073
CJJ,36.71659851,127.4990005
CGM,9.253520012,124.7070007
JOL,6.05366993,121.0110016
SUG,9.755838326,125.4809475
WNP,13.5848999,123.2699966
BSO,20.45129967,121.9800034
TUG,17.64336768,121.7331505
VRC,13.5763998,124.2060013
CYP,12.07269955,124.5449982
CRM,12.5024004,124.6360016
MBT,12.36940002,123.6289978
RXS,11.59770012,122.7519989
JDO,-7.218959808,-39.27009964
LEC,-12.4822998,-41.27700043
MEA,-22.34300041,-41.76599884
MII,-22.19689941,-49.92639923
VDC,-14.86279964,-40.86309814
RIA,-29.71139908,-53.6882019
SCY,-0.91020602,-89.61740112
LOH,-3.995889902,-79.37190247
ESM,0.978519022,-79.62660217
LQM,-0.182278,-74.7708
LPD,-1.32861,-69.5797
NQU,5.6964,-77.2806
PDA,3.85353,-67.9062
EYP,5.31911,-72.384
GYA,-10.82059956,-65.34559631
RIB,-11,-66
CJA,-7.139180183,-78.48940277
HUU,-9.878809929,-76.20480347
SRA,-27.90670013,-54.520401
VIG,8.624138832,-71.67266846
JPR,-10.87080002,-61.8465004
NEV,17.20569992,-62.58990097
VIJ,18.44639969,-64.42749786
KOV,53.32910156,69.59459686
PPK,54.77470016,69.18389893
DZN,47.708302,67.733299
UKK,50.03659821,82.49420166
KSN,53.20690155,63.5503006
KVD,40.73770142,46.31760025
NAJ,39.18880081,45.45840073
PYJ,66.40039825,112.0299988
CKH,70.62310028,147.9019928
CYX,68.74060059,161.3379974
IKS,71.6977005,128.9029999
DYR,64.73490143,177.7409973
OZH,47.86700058,35.31570053
HRK,49.92480087,36.29000092
IFO,48.88420105,24.68610001
UDJ,48.63430023,22.26339912
CSH,65.02999878,35.73333359
CEE,59.27360153,38.01580048
PES,61.8852005,34.15470123
KYZ,51.66939926,94.40059662
NOZ,53.81140137,86.87719727
IAA,67.43720245,86.62190247
GRV,43.29809952,45.78409958
OGZ,43.20510101,44.60660172
ESL,46.37390137,44.33089828
GLH,33.48289871,-90.98560333
PSC,46.26470184,-119.1190033
KQA,54.13377044,-165.7788956
LPS,48.48389816,-122.9380035
SLY,66.59079742,66.61100006
HMA,61.0284996,69.08609772
NYA,62.11000061,65.61499786
OVS,61.32662201,63.60191345
IJK,56.8280983,53.45750046
KVX,58.50329971,49.34830093
NYM,65.48090363,72.69889832
KRO,55.47529984,65.41560364
LBD,40.2154007,69.69470215
AZN,40.72769928,72.29399872
FEG,40.35879898,71.74500275
NMA,40.98460007,71.55670166
NCU,42.48839951,59.62329865
UGC,41.58430099,60.64170074
KSQ,38.83359909,65.92150116
TMJ,37.2867012,67.30999756
EGO,50.64379883,36.59009933
URS,51.75059891,36.29560089
VKT,67.48860168,63.99309921
UUA,54.63999939,52.80170059
CSY,56.09030151,47.34730148
OSW,51.07249832,58.59560013
PEZ,53.11059952,45.02109909
SKX,54.1251297,45.21225739
HBX,15.36170006,75.0848999
KCT,5.99368,80.32029724
SHL,25.70359993,91.97869873
GAU,26.10610008,91.58589935
DMU,25.88389969,93.77110291
BZL,22.8010006,90.30120087
BHR,27.67810059,84.42939758
BDP,26.57080078,88.07959747
KEP,28.10359955,81.66699982
GAN,-0.69334197,73.1556015
HAQ,6.744229794,73.17050171
KDO,1.85916996,73.52189636
MAQ,16.69989967,98.54509735
BMV,12.66829968,108.1200027
HPH,20.81940079,106.7249985
CXR,11.99820042,109.2190018
VCS,8.731829643,106.6330032
VCA,10.08510017,105.711998
DIN,21.39749908,103.0080032
UIH,13.95499992,109.0419998
PXU,14.00450039,108.0169983
VII,18.73760033,105.6709976
TVY,14.10389996,98.20359802
KAW,10.04930019,98.53800201
TMC,-9.409720421,119.2440033
BEJ,2.155499935,117.4319992
LUV,-5.66162014,132.7310028
LGL,3.421000004,115.1539993
ODN,3.967000008,115.0500031
MKM,2.906389952,112.0800018
BKM,3.973999977,115.6179962
LWY,4.849170208,115.4079971
BBN,3.733890057,115.4789963
KUD,6.922500134,116.8359985
TKG,-5.240556,105.175556
NTX,3.908710003,108.3880005
ALH,-34.94329834,117.8089981
AUU,-13.354067,141.72065
BCI,-23.56529999,145.3070068
BVI,-25.89749908,139.3480072
BHQ,-32.00139999,141.4720001
HTI,-20.35810089,148.9519959
BEU,-24.34609985,139.4600067
BUC,-17.74860001,139.5339966
BQL,-22.91329956,139.8999939
BHS,-33.40940094,149.6519928
CPD,-29.04000092,134.720993
CNJ,-20.66860008,140.5039978
CED,-32.13059998,133.7100067
CMA,-28.03000069,145.621994
CUQ,-13.761133,143.113311
DMD,-17.94029999,138.8220062
DPO,-41.16970062,146.4299927
ELC,-12.01939964,135.5709991
EPR,-33.684399,121.822998
FLS,-40.09170151,147.9929962
GET,-28.796101,114.707001
GLT,-23.869699,151.223007
GTE,-13.97500038,136.4600067
GFF,-34.25080109,146.0670013
HID,-10.58640003,142.2899933
JCK,-20.66830063,141.7230072
KNS,-39.87749863,143.878006
KWM,-15.48560047,141.7510071
LDH,-31.53829956,159.0769959
IRG,-12.7869,143.304993
LSY,-28.83029938,153.2599945
LRE,-23.43420029,144.2799988
MIM,-36.90859985,149.901001
MGT,-12.09440041,134.8939972
MNG,-12.05609989,134.2339935
MCV,-16.44249916,136.0839996
MQL,-34.22919846,142.0859985
MRZ,-29.49889946,149.8450012
MOV,-22.05780029,148.0769959
MYA,-35.89780045,150.1439972
MGB,-37.74560165,140.7850037
ONG,-16.66250038,139.1779938
NRA,-34.70220184,146.5119934
NTN,-17.68409,141.069664
ZNE,-23.4178009,119.8030014
OLP,-30.48500061,136.8769989
PUG,-32.50690079,137.7169952
PBO,-23.17110062,117.7450027
CCK,-12.18830013,96.83390045
GOV,-12.26939964,136.8179932
PKE,-33.13140106,148.2389984
PLO,-34.6053009,135.8800049
EDR,-14.896451,141.60908
PQQ,-31.43580055,152.8630066
PTJ,-38.31809998,141.470993
ULP,-26.61219978,144.253006
RMA,-26.54500008,148.7749939
SGO,-28.04969978,148.5950012
XTG,-27.9864006,143.8110046
WNR,-25.41309929,142.6670074
WYA,-33.05889893,137.5140076
WIN,-22.36359978,143.0859985
BWT,-40.99890137,145.7310028
NAY,39.78279877,116.3880005
CIF,42.23500061,118.9079971
CIH,36.247501,113.125999
DAT,40.060299,113.482002
HET,40.85139847,111.8239975
BAV,40.56000137,109.9970016
SJW,38.28070068,114.6969986
TGO,43.556702,122.199997
HLH,46.195333,122.008333
XIL,43.91559982,115.9639969
BHY,21.5394,109.293999
CGD,28.91889954,111.6399994
DYG,29.1028,110.443001
MXZ,24.35000038,116.1330032
ZUH,22.006399,113.375999
LZH,24.2075,109.390999
ZHA,21.214399,110.358002
ENH,30.32029915,109.4850006
NNY,32.980801,112.614998
XFN,32.1506,112.291
YIH,30.55655,111.479988
GOQ,36.4006,94.786102
IQN,35.799702,107.602997
XNN,36.5275,102.042999
ENY,36.636902,109.554001
UYN,38.35971,109.590927
LTI,46.37639999,96.22109985
BYN,46.16329956,100.7040024
DLZ,43.59170151,104.4300003
HVD,47.95410156,91.62819672
MXV,49.66329956,100.098999
DIG,27.7936,99.6772
LUM,24.4011,98.5317
SYM,22.793301,100.959
ZAT,27.32559967,103.7549973
KOW,25.853333,114.778889
JDZ,29.33860016,117.1760025
JIU,29.476944,115.801111
JUZ,28.965799,118.899002
LYG,34.571667,118.873611
HYN,28.56220055,121.4290009
LYI,35.04610062,118.4120026
JJN,24.7964,118.589996
TXN,29.73329926,118.2559967
WEF,36.646702,119.119003
WUX,31.49440002,120.4290009
WUS,27.7019,118.000999
WNZ,27.91220093,120.8519974
YNZ,33.425833,120.203056
YIW,29.34469986,120.0319977
HSN,29.93420029,122.3619995
BPX,30.55360031,97.10829926
DAX,31.1302,107.4295
GYS,32.39110184,105.7020035
LZO,28.85219955,105.3929977
MIG,31.42810059,104.7409973
NAO,30.79545,106.1626
LZY,29.30330086,94.33529663
WXN,30.8017,108.433
AKU,41.262501,80.291702
KCA,41.7181015,82.98690033
KRL,41.69779968,86.12889862
KRY,45.46655,84.9527
YIN,43.955799,81.330299
HEK,50.17162094,127.3088837
JMU,46.84339905,130.4649963
JNZ,41.10139847,121.0619965
NDG,47.23960114,123.9179993
YNJ,42.88280106,129.451004
ORH,42.26729965,-71.8757019
AQG,30.582199,117.050003
SHP,39.968102,119.731003
YCU,35.116391,111.0313889
JGN,39.856899,98.3414
DSN,39.49,109.8613889
PVC,42.07189941,-70.2213974
SBH,17.90439987,-62.84360123
TBW,52.80609894,41.48279953
ERM,-27.66189957,-52.2682991
NVI,40.11719894,65.17079926
QSF,36.17810059,5.32449007
LRH,46.17919922,-1.195279956
AZA,33.30780029,-111.6549988
AKP,68.13359833,-151.7429962
ANV,62.646702,-160.190994
ATK,70.46730042,-157.4360046
GAM,63.76679993,-171.7330017
HPB,61.52389908,-166.1470032
KAL,64.31909943,-158.7409973
KSM,62.0605011,-163.302002
KVL,67.73619843,-164.5630035
MYU,60.37139893,-166.2709961
RBY,64.72720337,-155.4700012
SHH,66.249604,-166.089112
SVA,63.68640137,-170.4929962
WTK,67.56610107,-162.9750061
YPX,60.05059814,-77.28690338
YTQ,58.6678009,-69.95580292
ARC,68.1147,-145.578995
QOW,5.427060127,7.206029892
FON,10.47799969,-84.6344986
TMU,9.738519669,-85.01380157
CYZ,16.92989922,121.7529984
KVK,67.46330261,33.5882988
GVR,-18.89520073,-41.98220062
PJA,67.24559784,23.06889915
QBC,52.387501,-126.596001
HGR,39.707901,-77.72949982
ACR,-0.5833,-72.4083
GOP,26.73970032,83.4496994
SDP,55.31499863,-160.522995
HMI,42.84140015,93.66919708
WUZ,23.456699,111.248001
GBT,36.90940094,54.40129852
IIL,33.58660126,46.40480042
PFQ,39.60359955,47.88150024
TCG,46.67250061,83.34079742
MQM,37.22330093,40.63169861
DRG,66.06960297,-162.7660065
LEN,42.5890007,-5.655560017
RGS,42.35760117,-3.620759964
EGM,-8.578889847,157.8760071
DHM,32.1651001,76.26339722
IGG,59.32400131,-155.9019928
KVC,55.11629868,-162.2660065
PTH,56.95909882,-158.6329956
TOG,59.05279922,-160.3970032
EGN,13.48169994,22.46719933
LKH,3.299999952,114.7829971
WLH,-15.4119997,167.6909943
CHG,41.538101,120.434998
UAS,0.530583024,37.53419495
YVB,48.07109833,-65.46029663
SKT,32.53555679,74.3638916
PDP,-34.85509872,-55.09429932
WVB,-22.97990036,14.64529991
MPA,-17.63439941,24.17670059
AOE,39.809898,30.5194
CKZ,40.13769913,26.42679977
MSR,38.74779892,41.66120148
SIC,42.01580048,35.06639862
TEQ,41.13819885,27.91909981
VQS,18.11580086,-65.42269897
YIF,51.21170044,-58.65829849
HDM,34.86920166,48.55250168
GFN,-29.75939941,153.0299988
OAG,-33.38169861,149.1329956
TRO,-31.8885994,152.5140076
COQ,48.13570023,114.6460037
ESC,45.72269821,-87.09369659
YAK,59.50329971,-139.6600037
CPX,18.313289,-65.304324
MWA,37.75500107,-89.01110077
IMT,45.81840134,-88.11450195
AET,66.55180359,-152.621994
MTJ,38.50979996,-107.8939972
RIW,43.06420136,-108.4599991
PDT,45.69509888,-118.8410034
EAT,47.39889908,-120.2070007
UKX,56.8567009,105.7300034
RMT,-22.63725,-152.8059
GDZ,44.58209263,38.01248074
IAR,57.56069946,40.15739822
OHE,52.91277778,122.43
JNG,35.292778,116.346667
DRK,8.71889019,-83.64170074
NYT,19.62350082,96.2009964
WUA,39.7934,106.7993
BRD,46.39830017,-94.13809967
LWB,37.85829926,-80.39949799
PGV,35.6352005,-77.38529968
CYF,60.14920044,-164.2859955
TEN,27.883333,109.308889
NBC,55.56470108,52.09249878
IAO,9.859100342,126.0139999
UST,29.95919991,-81.33979797
STS,38.50899887,-122.8130035
ASE,39.22320175,-106.8690033
ULV,54.2682991,48.22669983
TVF,48.06570053,-96.18499756
GUC,38.53390121,-106.9329987
MBL,44.2723999,-86.24690247
PGD,26.92020035,-81.9905014
JHW,42.15340042,-79.25800323
SHD,38.26380157,-78.89640045
DIK,46.79740143,-102.802002
SDY,47.70690155,-104.1930008
CDR,42.83760071,-103.0950012
AIA,42.05319977,-102.8040009
MCK,40.20629883,-100.5920029
GDV,47.13869858,-104.8069992
OLF,48.0945015,-105.5749969
ALS,37.434898,-105.866997
CNY,38.75500107,-109.7549973
VEL,40.4408989,-109.5100021
SOW,34.26549912,-110.0059967
MMH,37.62409973,-118.8379974
FRD,48.52199936,-123.0240021
ESD,48.70819855,-122.9100037
EMK,62.78609848,-164.4909973
UNK,63.88840103,-160.798996
SHX,62.69229889,-159.5690002
NUI,70.20999908,-151.0059967
EEK,60.21367264,-162.0438843
KUK,60.87440109,-162.5240021
KWT,60.79029846,-161.4440002
KWK,59.876499,-163.169005
MLL,61.86429977,-162.026001
RSH,61.77888489,-161.319458
CIK,66.64499664,-143.7400055
HUS,66.04109955,-154.2630005
HSL,65.69789886,-156.3509979
NUL,64.72930145,-158.0740051
VEE,67.00869751,-146.3659973
WBQ,66.36219788,-147.4069977
CEM,65.57379913,-144.7830048
SHG,66.88809967,-157.1620026
VIS,36.31869888,-119.3929977
MCE,37.28469849,-120.5139999
TWB,-27.5428009,151.9160004
AGN,57.503601,-134.585007
ELV,58.19520187,-136.3470001
HNH,58.0961,-135.410111
MTM,55.13100052,-131.5780029
HYG,55.20629883,-132.8280029
EGX,58.1855011,-157.375
KPV,55.905998,-159.162993
PIP,57.58039856,-157.5720062
WSN,58.70339966,-157.0079956
AKK,56.93870163,-154.1829987
KYK,57.56710052,-154.4499969
KLN,57.53509903,-153.9779968
ABL,67.10630035,-157.8569946
BKC,65.9815979,-161.1490021
IAN,66.97599792,-160.4369965
OBU,66.91230011,-156.8970032
ORV,66.81790161,-161.0189972
WLK,66.60009766,-159.9859924
KTS,65.33129883,-166.4660034
ELI,64.61470032,-162.2720032
GLV,64.55049896,-163.0070038
TLA,65.24040222,-166.3390045
WAA,65.622593,-168.095
WMO,64.68920136,-163.4129944
KKA,64.9394989,-161.154007
SMK,63.49010086,-162.1100006
SKK,64.37110138,-161.223999
TNC,65.56310272,-167.9219971
AKB,52.22029877,-174.2059937
AUK,62.68004227,-164.6599274
KPN,59.93299866,-164.0310059
KFP,54.84740067,-163.4100037
NLG,56.00749969,-161.1600037
KLW,55.57920074,-133.076004
KWN,59.75510025,-161.8450012
KOT,63.0306015,-163.5330048
KYU,64.87609863,-157.727005
SCM,61.84529877,-165.5709991
KKH,59.96080017,-162.8809967
NIB,63.01860046,-154.3580017
AKI,60.9029007,-161.2310028
AIN,70.63800049,-159.9949951
TKJ,63.32949829,-142.9539948
IRC,65.830498,-144.076008
SLQ,61.70050049,-157.1660004
HKB,63.86619949,-148.9689941
MLY,64.99759674,-150.6439972
YSO,54.9105,-59.78507
YWB,61.58860016,-71.92939758
YGV,50.2818985,-63.6114006
YOP,58.49140167,-119.4079971
ZEL,52.139702,-128.063997
YFJ,64.190804,-114.077002
SPB,18.33860016,-64.94069672
UYU,-20.44630051,-66.8483963
RVE,6.951868,-71.857179
VGZ,0.978767,-76.6056
CFB,-22.92169952,-42.07429886
OPS,-11.88500023,-55.58610916
GRP,-11.73960018,-49.13219833
CMP,-9.319970131,-50.32849884
BVS,-1.636530042,-50.4435997
PIN,-2.673019886,-56.77719879
BRA,-12.07890034,-45.00899887
STZ,-10.46472168,-50.51861191
MQH,-13.5491,-48.195301
AUX,-7.22787,-48.240501
DOU,-22.2019,-54.926601
ROO,-16.586,-54.7248
GPB,-25.38750076,-51.52019882
JCB,-27.17140007,-51.55329895
RVD,-17.83472252,-50.95611191
AAX,-19.5632,-46.96039963
CIZ,-4.134059906,-63.13259888
BAZ,-0.981292,-62.919601
GNM,-14.20820045,-42.74610138
JIJ,9.3325,42.9121
MRE,-1.406111,35.008057
PAF,2.2,31.55
HTY,36.36277771,36.28222275
RVV,-23.8852005,-147.6620026
ILD,41.728185,0.535023
ULG,48.99330139,89.92250061
NJF,31.989853,44.404317
FUG,32.882157,115.734364
LCX,25.67469978,116.7470016
ACX,25.08638889,104.9594444
HZH,26.32217,109.1499
HJJ,27.44111111,109.7
CKS,-6.115277767,-50.00138855
PGU,27.379601,52.737701
YES,30.70050049,51.54510117
ULO,50.066588,91.938273
TJU,37.98809814,69.80500031
RVT,-33.79719925,120.2080002
PVU,40.21920013,-111.7229996
LAM,35.87979889,-106.2689972
RNA,-9.860543583,161.9795465
CHY,-6.711944,156.396111
NNB,-10.847994,162.454108
NDU,-17.9564991,19.71940041
AGM,65.61229608,-37.61833549
MMU,40.79940033,-74.41490173
ECP,30.357106,-85.795414
MYQ,12.30720043,76.64969635
ONQ,41.50640106,32.08860016
TCZ,24.93805556,98.48583333
UKS,44.68899918,33.57099915
YUS,32.83638889,97.03638889
NGQ,32.1,80.05305556
PUE,8.667,-77.418
UKA,-4.293330193,39.57109833
YZY,55.3044014,-123.1320038
ZHY,37.573125,105.154454
DWC,24.896356,55.161389
IZA,-21.5130558,-43.17305756
NME,60.47100067,-164.701004
OOK,60.54140091,-165.0870056
OBY,70.48822882,-21.97167993
VIN,49.242531,28.613778
ZKG,50.19580078,-61.26580048
YZZ,49.05559921,-117.6090012
YAB,73.00589225,-85.0325489
BCV,61.41650009,-149.5070038
HMB,26.342778,31.742778
POJ,-18.67280006,-46.49119949
JTC,-22.16685914,-49.05028667
OIA,-6.763100147,-51.04990005
RDC,-8.033289909,-49.97990036
SXX,-6.6413,-51.9523
BYO,-21.247299,-56.452499
SXO,-11.63239956,-50.6896019
CFC,-26.78840065,-50.93980026
ERN,-6.639530182,-69.87979889
OLC,-3.467929508,-68.92041206
IRZ,-0.3786,-64.9923
ORX,-1.714079976,-55.83620071
GZP,36.29921722,32.30059814
HHH,32.22439957,-80.69750214
KEW,52.99110031,-92.83640289
LOP,-8.757322,116.276675
HDG,36.52583333,114.4255556
WMI,52.4510994,20.65180016
JXA,45.293,131.193
EYK,63.68690109,66.69860077
UMD,70.68042793,-52.11163044
RLK,40.926,107.7428
RGK,51.96670151,85.83329773
LLK,38.74639893,48.81800079
GBB,40.826667,47.7125
DEE,-36.242155,149.130147
PDG,-0.874988973,100.3519974
LLF,26.338661,111.610043
YTY,32.5634,119.7198
GKK,0.7324,73.4336
RHD,-27.4966,-64.93595
ODO,57.86610031,114.2429962
HRI,6.284467,81.124128
XSB,24.283611,52.580278
BFJ,27.267066,105.472097
ULK,60.72060013,114.8259964
GNY,37.44566345,38.89559174
KZR,39.107377,30.115724
BQB,-33.68842316,115.4015961
YIC,27.8025,114.3062
GIU,7.956669807,80.72850037
KFS,41.31420135,33.79579926
GXH,34.8105,102.6447
CIY,36.994601,14.607182
NLT,43.4318,83.3786
OGD,41.19589996,-112.012001
WNA,60.69029999,-161.9790039
PKA,60.70289993,-161.7779999
TGI,-9.133000374,-75.94999695
OAL,-11.496,-61.4508
MHC,-42.340388,-73.715693
OUZ,22.75639915,-12.48359966
QUO,4.8725,8.093
KAA,-10.2166996,31.13330078
MBI,-8.916999817,33.46699905
AOG,41.105301,122.853996
ZYI,27.5895,107.0007
LDS,47.75205556,129.019125
AVA,26.26055556,105.8733333
BUW,-5.486879826,122.5690002
KAZ,1.185279965,127.8960037
MNA,4.006939888,126.6729965
OKL,-4.9071,140.6277
RCM,-20.70190048,143.1150055
DCN,-17.58139992,123.8280029
ERL,43.4225,112.096667
YIE,47.3106,119.9117
BNC,0.574999988,29.47389984
BNB,-0.216999993,20.85000038
DRV,5.1561,73.1302
SXK,-7.988609791,131.3059998
KOO,-5.394440174,26.98999977
TQL,64.93080139,77.81809998
BPL,44.895,82.3
